--
-- PostgreSQL database dump
--

-- Dumped from database version 16.3
-- Dumped by pg_dump version 16.3

-- Started on 2025-01-17 10:01:14

SET statement_timeout = 0;
SET lock_timeout = 0;
SET idle_in_transaction_session_timeout = 0;
SET client_encoding = 'UTF8';
SET standard_conforming_strings = on;
SELECT pg_catalog.set_config('search_path', '', false);
SET check_function_bodies = false;
SET xmloption = content;
SET client_min_messages = warning;
SET row_security = off;

SET default_tablespace = '';

SET default_table_access_method = heap;

--
-- TOC entry 255 (class 1259 OID 20617)
-- Name: ApplicationJobSupportingDocuments; Type: TABLE; Schema: public; Owner: postgres
--

CREATE TABLE public."ApplicationJobSupportingDocuments" (
    "ApplicationJobNavigationApplicationJobId" integer NOT NULL,
    "SupportingDocumentsIdNavigationSupportingDocumentId" integer NOT NULL
);


ALTER TABLE public."ApplicationJobSupportingDocuments" OWNER TO postgres;

--
-- TOC entry 250 (class 1259 OID 20554)
-- Name: ApplicationJobs; Type: TABLE; Schema: public; Owner: postgres
--

CREATE TABLE public."ApplicationJobs" (
    "ApplicationJobId" integer NOT NULL,
    "Name" text,
    "Email" text,
    "PhoneNumber" text,
    "Address" text,
    "UserId" text NOT NULL,
    "WorkExperience" text,
    "Education" text,
    "Skills" text,
    "UploadedDate" timestamp with time zone NOT NULL,
    "JobPostId" integer NOT NULL,
    "SupportingDocumentsId" integer,
    "ProcessId" integer NOT NULL
);


ALTER TABLE public."ApplicationJobs" OWNER TO postgres;

--
-- TOC entry 249 (class 1259 OID 20553)
-- Name: ApplicationJobs_ApplicationJobId_seq; Type: SEQUENCE; Schema: public; Owner: postgres
--

ALTER TABLE public."ApplicationJobs" ALTER COLUMN "ApplicationJobId" ADD GENERATED BY DEFAULT AS IDENTITY (
    SEQUENCE NAME public."ApplicationJobs_ApplicationJobId_seq"
    START WITH 1
    INCREMENT BY 1
    NO MINVALUE
    NO MAXVALUE
    CACHE 1
);


--
-- TOC entry 224 (class 1259 OID 20333)
-- Name: AspNetRoleClaims; Type: TABLE; Schema: public; Owner: postgres
--

CREATE TABLE public."AspNetRoleClaims" (
    "Id" integer NOT NULL,
    "RoleId" text NOT NULL,
    "ClaimType" text,
    "ClaimValue" text
);


ALTER TABLE public."AspNetRoleClaims" OWNER TO postgres;

--
-- TOC entry 223 (class 1259 OID 20332)
-- Name: AspNetRoleClaims_Id_seq; Type: SEQUENCE; Schema: public; Owner: postgres
--

ALTER TABLE public."AspNetRoleClaims" ALTER COLUMN "Id" ADD GENERATED BY DEFAULT AS IDENTITY (
    SEQUENCE NAME public."AspNetRoleClaims_Id_seq"
    START WITH 1
    INCREMENT BY 1
    NO MINVALUE
    NO MAXVALUE
    CACHE 1
);


--
-- TOC entry 216 (class 1259 OID 20301)
-- Name: AspNetRoles; Type: TABLE; Schema: public; Owner: postgres
--

CREATE TABLE public."AspNetRoles" (
    "Id" text NOT NULL,
    "Name" character varying(256),
    "NormalizedName" character varying(256),
    "ConcurrencyStamp" text
);


ALTER TABLE public."AspNetRoles" OWNER TO postgres;

--
-- TOC entry 235 (class 1259 OID 20415)
-- Name: AspNetUserClaims; Type: TABLE; Schema: public; Owner: postgres
--

CREATE TABLE public."AspNetUserClaims" (
    "Id" integer NOT NULL,
    "UserId" text NOT NULL,
    "ClaimType" text,
    "ClaimValue" text
);


ALTER TABLE public."AspNetUserClaims" OWNER TO postgres;

--
-- TOC entry 234 (class 1259 OID 20414)
-- Name: AspNetUserClaims_Id_seq; Type: SEQUENCE; Schema: public; Owner: postgres
--

ALTER TABLE public."AspNetUserClaims" ALTER COLUMN "Id" ADD GENERATED BY DEFAULT AS IDENTITY (
    SEQUENCE NAME public."AspNetUserClaims_Id_seq"
    START WITH 1
    INCREMENT BY 1
    NO MINVALUE
    NO MAXVALUE
    CACHE 1
);


--
-- TOC entry 236 (class 1259 OID 20427)
-- Name: AspNetUserLogins; Type: TABLE; Schema: public; Owner: postgres
--

CREATE TABLE public."AspNetUserLogins" (
    "LoginProvider" text NOT NULL,
    "ProviderKey" text NOT NULL,
    "ProviderDisplayName" text,
    "UserId" text NOT NULL
);


ALTER TABLE public."AspNetUserLogins" OWNER TO postgres;

--
-- TOC entry 237 (class 1259 OID 20439)
-- Name: AspNetUserRoles; Type: TABLE; Schema: public; Owner: postgres
--

CREATE TABLE public."AspNetUserRoles" (
    "UserId" text NOT NULL,
    "RoleId" text NOT NULL
);


ALTER TABLE public."AspNetUserRoles" OWNER TO postgres;

--
-- TOC entry 238 (class 1259 OID 20456)
-- Name: AspNetUserTokens; Type: TABLE; Schema: public; Owner: postgres
--

CREATE TABLE public."AspNetUserTokens" (
    "UserId" text NOT NULL,
    "LoginProvider" text NOT NULL,
    "Name" text NOT NULL,
    "Value" text
);


ALTER TABLE public."AspNetUserTokens" OWNER TO postgres;

--
-- TOC entry 225 (class 1259 OID 20345)
-- Name: AspNetUsers; Type: TABLE; Schema: public; Owner: postgres
--

CREATE TABLE public."AspNetUsers" (
    "Id" text NOT NULL,
    "FirstName" text NOT NULL,
    "LastName" text NOT NULL,
    "Address" text NOT NULL,
    "Dob" date NOT NULL,
    "Sex" text NOT NULL,
    "RefreshToken" text,
    "RefreshTokenExpiryTime" timestamp with time zone,
    "CompanyId" integer,
    "UserName" character varying(256),
    "NormalizedUserName" character varying(256),
    "Email" character varying(256),
    "NormalizedEmail" character varying(256),
    "EmailConfirmed" boolean NOT NULL,
    "PasswordHash" text,
    "SecurityStamp" text,
    "ConcurrencyStamp" text,
    "PhoneNumber" text,
    "PhoneNumberConfirmed" boolean NOT NULL,
    "TwoFactorEnabled" boolean NOT NULL,
    "LockoutEnd" timestamp with time zone,
    "LockoutEnabled" boolean NOT NULL,
    "AccessFailedCount" integer NOT NULL
);


ALTER TABLE public."AspNetUsers" OWNER TO postgres;

--
-- TOC entry 218 (class 1259 OID 20309)
-- Name: Companies; Type: TABLE; Schema: public; Owner: postgres
--

CREATE TABLE public."Companies" (
    "CompanyId" integer NOT NULL,
    "Name" text NOT NULL,
    "Address" text NOT NULL
);


ALTER TABLE public."Companies" OWNER TO postgres;

--
-- TOC entry 217 (class 1259 OID 20308)
-- Name: Companies_CompanyId_seq; Type: SEQUENCE; Schema: public; Owner: postgres
--

ALTER TABLE public."Companies" ALTER COLUMN "CompanyId" ADD GENERATED BY DEFAULT AS IDENTITY (
    SEQUENCE NAME public."Companies_CompanyId_seq"
    START WITH 1
    INCREMENT BY 1
    NO MINVALUE
    NO MAXVALUE
    CACHE 1
);


--
-- TOC entry 220 (class 1259 OID 20317)
-- Name: CompanyRequests; Type: TABLE; Schema: public; Owner: postgres
--

CREATE TABLE public."CompanyRequests" (
    "CompanyRequestId" integer NOT NULL,
    "Email" text NOT NULL,
    "CompanyName" text NOT NULL,
    "CompanyAddress" text NOT NULL,
    "FirstName" text NOT NULL,
    "LastName" text NOT NULL,
    "UserAddress" text NOT NULL,
    "PhoneNumber" text NOT NULL,
    "Dob" date NOT NULL,
    "Sex" text NOT NULL,
    "IsApproved" boolean
);


ALTER TABLE public."CompanyRequests" OWNER TO postgres;

--
-- TOC entry 219 (class 1259 OID 20316)
-- Name: CompanyRequests_CompanyRequestId_seq; Type: SEQUENCE; Schema: public; Owner: postgres
--

ALTER TABLE public."CompanyRequests" ALTER COLUMN "CompanyRequestId" ADD GENERATED BY DEFAULT AS IDENTITY (
    SEQUENCE NAME public."CompanyRequests_CompanyRequestId_seq"
    START WITH 1
    INCREMENT BY 1
    NO MINVALUE
    NO MAXVALUE
    CACHE 1
);


--
-- TOC entry 257 (class 1259 OID 20633)
-- Name: InterviewScheduling; Type: TABLE; Schema: public; Owner: postgres
--

CREATE TABLE public."InterviewScheduling" (
    "InterviewSchedulingId" integer NOT NULL,
    "ApplicationId" integer NOT NULL,
    "InterviewTime" timestamp with time zone NOT NULL,
    "Interviewer" text[] NOT NULL,
    "InterviewersComments" text[] NOT NULL,
    "InterviewType" text NOT NULL,
    "Location" text NOT NULL,
    "IsConfirmed" boolean,
    "ProcessId" integer NOT NULL,
    "InterviewerEmails" text[]
);


ALTER TABLE public."InterviewScheduling" OWNER TO postgres;

--
-- TOC entry 256 (class 1259 OID 20632)
-- Name: InterviewScheduling_InterviewSchedulingId_seq; Type: SEQUENCE; Schema: public; Owner: postgres
--

ALTER TABLE public."InterviewScheduling" ALTER COLUMN "InterviewSchedulingId" ADD GENERATED BY DEFAULT AS IDENTITY (
    SEQUENCE NAME public."InterviewScheduling_InterviewSchedulingId_seq"
    START WITH 1
    INCREMENT BY 1
    NO MINVALUE
    NO MAXVALUE
    CACHE 1
);


--
-- TOC entry 252 (class 1259 OID 20577)
-- Name: JobPostRequests; Type: TABLE; Schema: public; Owner: postgres
--

CREATE TABLE public."JobPostRequests" (
    "JobPostRequestId" integer NOT NULL,
    "JobTitle" text NOT NULL,
    "CompanyId" integer NOT NULL,
    "Description" text NOT NULL,
    "Requirements" text NOT NULL,
    "Location" text NOT NULL,
    "MinSalary" numeric NOT NULL,
    "MaxSalary" numeric NOT NULL,
    "EmploymentType" text NOT NULL,
    "ProcessId" integer NOT NULL
);


ALTER TABLE public."JobPostRequests" OWNER TO postgres;

--
-- TOC entry 251 (class 1259 OID 20576)
-- Name: JobPostRequests_JobPostRequestId_seq; Type: SEQUENCE; Schema: public; Owner: postgres
--

ALTER TABLE public."JobPostRequests" ALTER COLUMN "JobPostRequestId" ADD GENERATED BY DEFAULT AS IDENTITY (
    SEQUENCE NAME public."JobPostRequests_JobPostRequestId_seq"
    START WITH 1
    INCREMENT BY 1
    NO MINVALUE
    NO MAXVALUE
    CACHE 1
);


--
-- TOC entry 240 (class 1259 OID 20469)
-- Name: JobPostTemplateRequests; Type: TABLE; Schema: public; Owner: postgres
--

CREATE TABLE public."JobPostTemplateRequests" (
    "JobTemplateRequestId" integer NOT NULL,
    "JobTitle" text NOT NULL,
    "CompanyId" integer NOT NULL,
    "Description" text NOT NULL,
    "Requirements" text NOT NULL,
    "Location" text NOT NULL,
    "MinSalary" numeric NOT NULL,
    "MaxSalary" numeric NOT NULL,
    "EmploymentType" text NOT NULL,
    "IsApproved" boolean,
    "RequesterId" text NOT NULL
);


ALTER TABLE public."JobPostTemplateRequests" OWNER TO postgres;

--
-- TOC entry 239 (class 1259 OID 20468)
-- Name: JobPostTemplateRequests_JobTemplateRequestId_seq; Type: SEQUENCE; Schema: public; Owner: postgres
--

ALTER TABLE public."JobPostTemplateRequests" ALTER COLUMN "JobTemplateRequestId" ADD GENERATED BY DEFAULT AS IDENTITY (
    SEQUENCE NAME public."JobPostTemplateRequests_JobTemplateRequestId_seq"
    START WITH 1
    INCREMENT BY 1
    NO MINVALUE
    NO MAXVALUE
    CACHE 1
);


--
-- TOC entry 229 (class 1259 OID 20371)
-- Name: JobPostTemplates; Type: TABLE; Schema: public; Owner: postgres
--

CREATE TABLE public."JobPostTemplates" (
    "JobPostTemplateId" integer NOT NULL,
    "JobTitle" text NOT NULL,
    "CompanyId" integer NOT NULL,
    "Description" text NOT NULL,
    "Requirements" text NOT NULL,
    "Location" text NOT NULL,
    "MinSalary" numeric NOT NULL,
    "MaxSalary" numeric NOT NULL,
    "EmploymentType" text NOT NULL
);


ALTER TABLE public."JobPostTemplates" OWNER TO postgres;

--
-- TOC entry 228 (class 1259 OID 20370)
-- Name: JobPostTemplates_JobPostTemplateId_seq; Type: SEQUENCE; Schema: public; Owner: postgres
--

ALTER TABLE public."JobPostTemplates" ALTER COLUMN "JobPostTemplateId" ADD GENERATED BY DEFAULT AS IDENTITY (
    SEQUENCE NAME public."JobPostTemplates_JobPostTemplateId_seq"
    START WITH 1
    INCREMENT BY 1
    NO MINVALUE
    NO MAXVALUE
    CACHE 1
);


--
-- TOC entry 227 (class 1259 OID 20358)
-- Name: JobPosts; Type: TABLE; Schema: public; Owner: postgres
--

CREATE TABLE public."JobPosts" (
    "JobPostId" integer NOT NULL,
    "JobTitle" text NOT NULL,
    "CompanyId" integer NOT NULL,
    "Description" text NOT NULL,
    "Requirements" text NOT NULL,
    "Location" text NOT NULL,
    "MinSalary" numeric NOT NULL,
    "MaxSalary" numeric NOT NULL,
    "EmploymentType" text NOT NULL,
    "CreatedDate" timestamp with time zone NOT NULL
);


ALTER TABLE public."JobPosts" OWNER TO postgres;

--
-- TOC entry 226 (class 1259 OID 20357)
-- Name: JobPosts_JobPostId_seq; Type: SEQUENCE; Schema: public; Owner: postgres
--

ALTER TABLE public."JobPosts" ALTER COLUMN "JobPostId" ADD GENERATED BY DEFAULT AS IDENTITY (
    SEQUENCE NAME public."JobPosts_JobPostId_seq"
    START WITH 1
    INCREMENT BY 1
    NO MINVALUE
    NO MAXVALUE
    CACHE 1
);


--
-- TOC entry 246 (class 1259 OID 20513)
-- Name: NextStepsRules; Type: TABLE; Schema: public; Owner: postgres
--

CREATE TABLE public."NextStepsRules" (
    "RuleId" integer NOT NULL,
    "CurrentStepId" integer NOT NULL,
    "NextStepId" integer NOT NULL,
    "ConditionType" text NOT NULL,
    "ConditionValue" text NOT NULL
);


ALTER TABLE public."NextStepsRules" OWNER TO postgres;

--
-- TOC entry 245 (class 1259 OID 20512)
-- Name: NextStepsRules_RuleId_seq; Type: SEQUENCE; Schema: public; Owner: postgres
--

ALTER TABLE public."NextStepsRules" ALTER COLUMN "RuleId" ADD GENERATED BY DEFAULT AS IDENTITY (
    SEQUENCE NAME public."NextStepsRules_RuleId_seq"
    START WITH 1
    INCREMENT BY 1
    NO MINVALUE
    NO MAXVALUE
    CACHE 1
);


--
-- TOC entry 248 (class 1259 OID 20531)
-- Name: Processes; Type: TABLE; Schema: public; Owner: postgres
--

CREATE TABLE public."Processes" (
    "ProcessId" integer NOT NULL,
    "WorkflowId" integer NOT NULL,
    "RequesterId" text NOT NULL,
    "RequestType" text NOT NULL,
    "Status" text NOT NULL,
    "CurrentStepId" integer NOT NULL,
    "RequestDate" timestamp with time zone NOT NULL
);


ALTER TABLE public."Processes" OWNER TO postgres;

--
-- TOC entry 247 (class 1259 OID 20530)
-- Name: Processes_ProcessId_seq; Type: SEQUENCE; Schema: public; Owner: postgres
--

ALTER TABLE public."Processes" ALTER COLUMN "ProcessId" ADD GENERATED BY DEFAULT AS IDENTITY (
    SEQUENCE NAME public."Processes_ProcessId_seq"
    START WITH 1
    INCREMENT BY 1
    NO MINVALUE
    NO MAXVALUE
    CACHE 1
);


--
-- TOC entry 231 (class 1259 OID 20384)
-- Name: RecruiterRegistrationRequests; Type: TABLE; Schema: public; Owner: postgres
--

CREATE TABLE public."RecruiterRegistrationRequests" (
    "RecruiterRegistrationRequestId" integer NOT NULL,
    "Email" text NOT NULL,
    "FirstName" text NOT NULL,
    "LastName" text NOT NULL,
    "Dob" date NOT NULL,
    "Sex" text NOT NULL,
    "PhoneNumber" text NOT NULL,
    "Address" text NOT NULL,
    "CompanyId" integer NOT NULL,
    "StartDate" timestamp with time zone NOT NULL,
    "EndDate" timestamp with time zone,
    "IsApproved" boolean
);


ALTER TABLE public."RecruiterRegistrationRequests" OWNER TO postgres;

--
-- TOC entry 230 (class 1259 OID 20383)
-- Name: RecruiterRegistrationRequests_RecruiterRegistrationRequestI_seq; Type: SEQUENCE; Schema: public; Owner: postgres
--

ALTER TABLE public."RecruiterRegistrationRequests" ALTER COLUMN "RecruiterRegistrationRequestId" ADD GENERATED BY DEFAULT AS IDENTITY (
    SEQUENCE NAME public."RecruiterRegistrationRequests_RecruiterRegistrationRequestI_seq"
    START WITH 1
    INCREMENT BY 1
    NO MINVALUE
    NO MAXVALUE
    CACHE 1
);


--
-- TOC entry 242 (class 1259 OID 20487)
-- Name: RoleChangeRequests; Type: TABLE; Schema: public; Owner: postgres
--

CREATE TABLE public."RoleChangeRequests" (
    "RoleChangeRequestId" integer NOT NULL,
    "UserId" text NOT NULL,
    "CurrentRole" text NOT NULL,
    "RequestedRole" text NOT NULL,
    "IsApproved" boolean
);


ALTER TABLE public."RoleChangeRequests" OWNER TO postgres;

--
-- TOC entry 241 (class 1259 OID 20486)
-- Name: RoleChangeRequests_RoleChangeRequestId_seq; Type: SEQUENCE; Schema: public; Owner: postgres
--

ALTER TABLE public."RoleChangeRequests" ALTER COLUMN "RoleChangeRequestId" ADD GENERATED BY DEFAULT AS IDENTITY (
    SEQUENCE NAME public."RoleChangeRequests_RoleChangeRequestId_seq"
    START WITH 1
    INCREMENT BY 1
    NO MINVALUE
    NO MAXVALUE
    CACHE 1
);


--
-- TOC entry 244 (class 1259 OID 20500)
-- Name: SupportingDocuments; Type: TABLE; Schema: public; Owner: postgres
--

CREATE TABLE public."SupportingDocuments" (
    "SupportingDocumentId" integer NOT NULL,
    "UserId" text NOT NULL,
    "DocumentName" text,
    "FilePath" text,
    "UploadedDate" timestamp with time zone NOT NULL
);


ALTER TABLE public."SupportingDocuments" OWNER TO postgres;

--
-- TOC entry 243 (class 1259 OID 20499)
-- Name: SupportingDocuments_SupportingDocumentId_seq; Type: SEQUENCE; Schema: public; Owner: postgres
--

ALTER TABLE public."SupportingDocuments" ALTER COLUMN "SupportingDocumentId" ADD GENERATED BY DEFAULT AS IDENTITY (
    SEQUENCE NAME public."SupportingDocuments_SupportingDocumentId_seq"
    START WITH 1
    INCREMENT BY 1
    NO MINVALUE
    NO MAXVALUE
    CACHE 1
);


--
-- TOC entry 254 (class 1259 OID 20595)
-- Name: WorkflowActions; Type: TABLE; Schema: public; Owner: postgres
--

CREATE TABLE public."WorkflowActions" (
    "ActionId" integer NOT NULL,
    "ProcessId" integer NOT NULL,
    "StepId" integer NOT NULL,
    "ActorId" text NOT NULL,
    "Action" text NOT NULL,
    "ActionDate" timestamp with time zone NOT NULL,
    "Comments" text NOT NULL
);


ALTER TABLE public."WorkflowActions" OWNER TO postgres;

--
-- TOC entry 253 (class 1259 OID 20594)
-- Name: WorkflowActions_ActionId_seq; Type: SEQUENCE; Schema: public; Owner: postgres
--

ALTER TABLE public."WorkflowActions" ALTER COLUMN "ActionId" ADD GENERATED BY DEFAULT AS IDENTITY (
    SEQUENCE NAME public."WorkflowActions_ActionId_seq"
    START WITH 1
    INCREMENT BY 1
    NO MINVALUE
    NO MAXVALUE
    CACHE 1
);


--
-- TOC entry 233 (class 1259 OID 20397)
-- Name: WorkflowSequences; Type: TABLE; Schema: public; Owner: postgres
--

CREATE TABLE public."WorkflowSequences" (
    "StepId" integer NOT NULL,
    "WorkflowId" integer NOT NULL,
    "StepOrder" integer NOT NULL,
    "StepName" text NOT NULL,
    "RequiredRole" text
);


ALTER TABLE public."WorkflowSequences" OWNER TO postgres;

--
-- TOC entry 232 (class 1259 OID 20396)
-- Name: WorkflowSequences_StepId_seq; Type: SEQUENCE; Schema: public; Owner: postgres
--

ALTER TABLE public."WorkflowSequences" ALTER COLUMN "StepId" ADD GENERATED BY DEFAULT AS IDENTITY (
    SEQUENCE NAME public."WorkflowSequences_StepId_seq"
    START WITH 1
    INCREMENT BY 1
    NO MINVALUE
    NO MAXVALUE
    CACHE 1
);


--
-- TOC entry 222 (class 1259 OID 20325)
-- Name: Workflows; Type: TABLE; Schema: public; Owner: postgres
--

CREATE TABLE public."Workflows" (
    "WorkflowId" integer NOT NULL,
    "WorkflowName" text NOT NULL,
    "Description" text NOT NULL
);


ALTER TABLE public."Workflows" OWNER TO postgres;

--
-- TOC entry 221 (class 1259 OID 20324)
-- Name: Workflows_WorkflowId_seq; Type: SEQUENCE; Schema: public; Owner: postgres
--

ALTER TABLE public."Workflows" ALTER COLUMN "WorkflowId" ADD GENERATED BY DEFAULT AS IDENTITY (
    SEQUENCE NAME public."Workflows_WorkflowId_seq"
    START WITH 1
    INCREMENT BY 1
    NO MINVALUE
    NO MAXVALUE
    CACHE 1
);


--
-- TOC entry 215 (class 1259 OID 20296)
-- Name: __EFMigrationsHistory; Type: TABLE; Schema: public; Owner: postgres
--

CREATE TABLE public."__EFMigrationsHistory" (
    "MigrationId" character varying(150) NOT NULL,
    "ProductVersion" character varying(32) NOT NULL
);


ALTER TABLE public."__EFMigrationsHistory" OWNER TO postgres;

--
-- TOC entry 5046 (class 0 OID 20617)
-- Dependencies: 255
-- Data for Name: ApplicationJobSupportingDocuments; Type: TABLE DATA; Schema: public; Owner: postgres
--

INSERT INTO public."ApplicationJobSupportingDocuments" VALUES (1, 1);
INSERT INTO public."ApplicationJobSupportingDocuments" VALUES (1, 2);
INSERT INTO public."ApplicationJobSupportingDocuments" VALUES (2, 3);
INSERT INTO public."ApplicationJobSupportingDocuments" VALUES (2, 4);
INSERT INTO public."ApplicationJobSupportingDocuments" VALUES (3, 5);
INSERT INTO public."ApplicationJobSupportingDocuments" VALUES (3, 6);
INSERT INTO public."ApplicationJobSupportingDocuments" VALUES (3, 7);
INSERT INTO public."ApplicationJobSupportingDocuments" VALUES (4, 10);
INSERT INTO public."ApplicationJobSupportingDocuments" VALUES (4, 12);
INSERT INTO public."ApplicationJobSupportingDocuments" VALUES (5, 10);
INSERT INTO public."ApplicationJobSupportingDocuments" VALUES (5, 13);
INSERT INTO public."ApplicationJobSupportingDocuments" VALUES (6, 14);
INSERT INTO public."ApplicationJobSupportingDocuments" VALUES (7, 15);
INSERT INTO public."ApplicationJobSupportingDocuments" VALUES (8, 14);
INSERT INTO public."ApplicationJobSupportingDocuments" VALUES (9, 5);
INSERT INTO public."ApplicationJobSupportingDocuments" VALUES (7, 16);
INSERT INTO public."ApplicationJobSupportingDocuments" VALUES (10, 17);
INSERT INTO public."ApplicationJobSupportingDocuments" VALUES (11, 18);
INSERT INTO public."ApplicationJobSupportingDocuments" VALUES (11, 19);
INSERT INTO public."ApplicationJobSupportingDocuments" VALUES (12, 20);
INSERT INTO public."ApplicationJobSupportingDocuments" VALUES (13, 8);


--
-- TOC entry 5041 (class 0 OID 20554)
-- Dependencies: 250
-- Data for Name: ApplicationJobs; Type: TABLE DATA; Schema: public; Owner: postgres
--

INSERT INTO public."ApplicationJobs" VALUES (1, 'string string', 'Applicant@gmail.com', '+6289902190', 'Tangerang', '805410e7-ce18-4fd7-b457-8df40b4ac65b', 'Analyst in Pacific Bell Inc Inc. (03/2018 – 03/2022)', 'S1 Informatics Engineering', 'Data Analysis, Market Trend Analysis, Strategic Planning', '2024-10-11 09:53:58.36554+07', 1, 1, 2);
INSERT INTO public."ApplicationJobs" VALUES (2, 'string string', 'xewebrounitra-6976@yopmail.com', '+6289902190', 'Bogor', '10cd5db1-39eb-48aa-8875-60bf5c5ce130', 'Web Developer in Pacific Bell Inc Inc. (03/2018 – 03/2022)', 'S-1 Informatics Engineering', 'Python, Java, Node.js, Ruby on Rails, SQL, RESTful APIs', '2024-10-11 15:01:28.216062+07', 2, 3, 4);
INSERT INTO public."ApplicationJobs" VALUES (3, 'string string', 'frederickzoey90@gmail.com', '+6289902190', 'Bogor', 'f38e9920-bbb6-43d0-a272-11ee0849f941', 'Web Developer in Pacific Bell Inc Inc. (03/2018 – 03/2022)', 'S-1 Informatics Engineering', 'Python, Java, Node.js, Ruby on Rails, SQL, RESTful APIs', '2024-10-12 13:14:09.386061+07', 2, 5, 6);
INSERT INTO public."ApplicationJobs" VALUES (4, 'ApplicantUser 5', 'applicant5@gmail.com', '08132425142', 'Bekasi', '81400489-4863-4890-b5cc-3d6c82b602e0', 'Videografer di Digital Media Studios, Jakarta bertugas dalam mengelola produksi dari konsep hingga realisasi untuk video promosi dan dokumenter.', ' Jurusan Produksi Film Universitas Multimedia Nusantara, Tangerang', 'Ahli dalam Adobe Premiere Pro, Final Cut Pro, dan After Effects, Pengalaman luas dengan kamera DSLR, mirrorless, dan sinematik, Kemampuan komunikasi yang efektif, bekerja dengan tim lintas departemen, Pengelolaan proyek dan waktu yang sangat baik', '2024-12-24 18:16:25.271121+07', 4, 10, 11);
INSERT INTO public."ApplicationJobs" VALUES (5, 'ApplicantUser 5', 'applicant5@gmail.com', '08132425142', 'Bekasi', '81400489-4863-4890-b5cc-3d6c82b602e0', 'soisiuhss', ' Jurusan Produksi Film Universitas Multimedia Nusantara', 'uygaugayfysfyta', '2024-12-27 09:25:36.721618+07', 6, 10, 13);
INSERT INTO public."ApplicationJobs" VALUES (6, 'Applicant 4', 'applicant4@gmail.com', '08226956543', 'Braga, Bandung', '15a078fd-32d4-4b03-b520-d38a254ce585', 'PT ABDEF – Jakarta
Web Programmer (2021–sekarang)
‍– Memperbaiki bug dan membuat fitur baru menggunakan Laravel (Lumen) untuk api, dan RiotJS untuk frontend. Teknologi yang digunakan: Lumen 5.8, RiotJS, Mysql, MongoDB, jQuery, server Linux, Nginx', 'Universitas Negeri Jakarta (2016–2021) Computer Engineering', 'Communication
Analytical Skills
Leadership
Attention to detail
Problem Solving
Lumen 5.8
RiotJS
MongoDB
jQuery
Server Linux
Nginx
PHP Native
Ubuntu 16.04
PostgreSQL', '2024-12-27 13:50:21.62628+07', 2, 14, 16);
INSERT INTO public."ApplicationJobs" VALUES (8, 'Applicant 4', 'applicant4@gmail.com', '08226956543', 'Braga, Bandung', '15a078fd-32d4-4b03-b520-d38a254ce585', 'Network Engineer, PT ABC Teknologi, Jakarta (2018 - sekarang)', 'Sarjana Teknik Informatika, Universitas Terbuka, Jakarta (2011 - 2015)', 'Kemampuan yang kuat dalam merancang dan mengimplementasikan jaringan komputer
Mengerti TCP/IP, switching, routing, firewall, dan VPN
Berpengalaman dalam menggunakan perangkat lunak monitoring jaringan', '2024-12-27 16:04:03.218455+07', 9, 14, 19);
INSERT INTO public."ApplicationJobs" VALUES (9, 'string string', 'frederickzoey90@gmail.com', '+6289902190', 'Bogor', 'f38e9920-bbb6-43d0-a272-11ee0849f941', 'Junior HSE Officer, PT XYZ Indonesia (2016-2018)
Memberikan dukungan dalam pengembangan dan implementasi program HSE. Melakukan inspeksi rutin dan mengatasi masalah keamanan sehari-hari.', 'Sarjana Teknik Kimia, Universitas ABC (2012-2016)', 'Pengetahuan yang kuat dalam peraturan HSE
Kemampuan komunikasi dan kepemimpinan yang baik
Pengalaman dalam melakukan audit dan investigasi kecelakaan
Keterampilan dalam pengembangan program HSE', '2024-12-30 15:02:42.575069+07', 10, 5, 21);
INSERT INTO public."ApplicationJobs" VALUES (7, 'Applicant6 Applicant6', 'grausazureulle-5633@yopmail.com', '081235454', 'Bogor', 'ff510f7b-6b9f-40b5-8a4c-7cba73e57330', 'Magang Network Engineer
PT. Telekomunikasi Indonesia, Jakarta
Januari 2023 – Juli 2023
Membantu tim dalam konfigurasi router dan switch', 'Sarjana Teknik Informatika Universitas Indonesia, Jakarta 2019 – 2023', 'Konfigurasi Router dan Switch (Cisco, MikroTik)
Troubleshooting Jaringan
Keamanan Jaringan Dasar
Bahasa Pemrograman: Python, C++
Sertifikasi: Cisco Certified Network Associate (CCNA) – 2023', '2025-01-02 10:32:59.5611+07', 9, 15, 18);
INSERT INTO public."ApplicationJobs" VALUES (10, 'Applicant 7', 'safravifriku-8658@yopmail.com', '081234567', 'Bandung', '72717c4d-c25e-43b2-9730-262c1e1fe5d1', 'Magang Technical Writer di Perusahaan ABC (Januari 2023 - Desember 2023)
Deskripsi tugas: Bertanggung jawab atas penyusunan manual pengguna, spesifikasi produk, dan dokumen teknis lainnya untuk produk-produk perusahaan. Mengelola proses penulisan, melakukan penelitian, dan berkolaborasi dengan tim pengembangan produk.', 'Sarjana Teknik Informatika, Universitas ABC, 2024', 'Dokumentasi API
Bahasa markup (misalnya HTML, XML)
Pengeditan teknis
Keterampilan penelitian
Perhatian terhadap detail
Komunikasi tertulis
Manajemen waktu
Berpikir kritis', '2025-01-03 16:29:57.049868+07', 11, 17, 23);
INSERT INTO public."ApplicationJobs" VALUES (12, 'string string', 'Applicant3@gmail.com', '+6289902190', 'Bogor', 'abf7ef9b-4a83-4da7-82d9-34bf1ed614d3', 'aijbabhabfa', 'asfasfaf', 'afsfsafa', '2025-01-13 13:53:36.679772+07', 8, NULL, 26);
INSERT INTO public."ApplicationJobs" VALUES (13, 'string string', 'Applicant3@gmail.com', '+6289902190', 'Bogor', 'abf7ef9b-4a83-4da7-82d9-34bf1ed614d3', 'dgd', 'dsgs', 'sgesgs', '2025-01-13 19:33:47.732028+07', 7, 8, 27);
INSERT INTO public."ApplicationJobs" VALUES (11, 'Applicant 8', 'togrennoijatta-6333@yopmail.com', '0894678543', 'Surabaya', '7e65f67d-7344-40d4-8c9f-69bdc3e80ad9', 'dfafafasfsa', 'afaefafsafa', 'DMOANDANWD', '2025-01-13 14:29:13.84037+07', 12, 18, 25);


--
-- TOC entry 5015 (class 0 OID 20333)
-- Dependencies: 224
-- Data for Name: AspNetRoleClaims; Type: TABLE DATA; Schema: public; Owner: postgres
--



--
-- TOC entry 5007 (class 0 OID 20301)
-- Dependencies: 216
-- Data for Name: AspNetRoles; Type: TABLE DATA; Schema: public; Owner: postgres
--

INSERT INTO public."AspNetRoles" VALUES ('aac53e1f-4ea9-4fdd-8f18-2850d2af25dc', 'Administrator', 'ADMINISTRATOR', NULL);
INSERT INTO public."AspNetRoles" VALUES ('52c1da55-09fd-493a-95a6-5b99d26b5aeb', 'HR Manager', 'HR MANAGER', NULL);
INSERT INTO public."AspNetRoles" VALUES ('5e70a244-13fd-4612-9f9b-11d5b5daaffd', 'Recruiter', 'RECRUITER', NULL);
INSERT INTO public."AspNetRoles" VALUES ('776924b6-3265-4818-8b71-99b808824f51', 'Applicant', 'APPLICANT', NULL);


--
-- TOC entry 5026 (class 0 OID 20415)
-- Dependencies: 235
-- Data for Name: AspNetUserClaims; Type: TABLE DATA; Schema: public; Owner: postgres
--



--
-- TOC entry 5027 (class 0 OID 20427)
-- Dependencies: 236
-- Data for Name: AspNetUserLogins; Type: TABLE DATA; Schema: public; Owner: postgres
--



--
-- TOC entry 5028 (class 0 OID 20439)
-- Dependencies: 237
-- Data for Name: AspNetUserRoles; Type: TABLE DATA; Schema: public; Owner: postgres
--

INSERT INTO public."AspNetUserRoles" VALUES ('865d66d9-9cdf-4871-ace1-e14ef74121f4', 'aac53e1f-4ea9-4fdd-8f18-2850d2af25dc');
INSERT INTO public."AspNetUserRoles" VALUES ('50b943e6-fc54-4f4c-83be-4450a4cf2485', '52c1da55-09fd-493a-95a6-5b99d26b5aeb');
INSERT INTO public."AspNetUserRoles" VALUES ('56c6c6b1-deef-4a2e-9f7a-b17b98ea657f', '5e70a244-13fd-4612-9f9b-11d5b5daaffd');
INSERT INTO public."AspNetUserRoles" VALUES ('805410e7-ce18-4fd7-b457-8df40b4ac65b', '776924b6-3265-4818-8b71-99b808824f51');
INSERT INTO public."AspNetUserRoles" VALUES ('3ad58146-f887-4a27-88e4-4b9f606a88cd', '52c1da55-09fd-493a-95a6-5b99d26b5aeb');
INSERT INTO public."AspNetUserRoles" VALUES ('f08c35f6-d1fa-48b8-80d0-b91d40f4b164', '5e70a244-13fd-4612-9f9b-11d5b5daaffd');
INSERT INTO public."AspNetUserRoles" VALUES ('10cd5db1-39eb-48aa-8875-60bf5c5ce130', '776924b6-3265-4818-8b71-99b808824f51');
INSERT INTO public."AspNetUserRoles" VALUES ('f38e9920-bbb6-43d0-a272-11ee0849f941', '776924b6-3265-4818-8b71-99b808824f51');
INSERT INTO public."AspNetUserRoles" VALUES ('abf7ef9b-4a83-4da7-82d9-34bf1ed614d3', '776924b6-3265-4818-8b71-99b808824f51');
INSERT INTO public."AspNetUserRoles" VALUES ('01c185de-1cb2-4016-9b54-cbab6c6da88d', '52c1da55-09fd-493a-95a6-5b99d26b5aeb');
INSERT INTO public."AspNetUserRoles" VALUES ('1f0e756e-9eaa-4481-b4f2-7c0f8d49aa4e', '5e70a244-13fd-4612-9f9b-11d5b5daaffd');
INSERT INTO public."AspNetUserRoles" VALUES ('15a078fd-32d4-4b03-b520-d38a254ce585', '776924b6-3265-4818-8b71-99b808824f51');
INSERT INTO public."AspNetUserRoles" VALUES ('81400489-4863-4890-b5cc-3d6c82b602e0', '776924b6-3265-4818-8b71-99b808824f51');
INSERT INTO public."AspNetUserRoles" VALUES ('4ee2ba28-9474-438d-aa00-b3b1c9d0a196', '5e70a244-13fd-4612-9f9b-11d5b5daaffd');
INSERT INTO public."AspNetUserRoles" VALUES ('0d4818d5-637b-459d-be0c-8cf1ab47e86f', '5e70a244-13fd-4612-9f9b-11d5b5daaffd');
INSERT INTO public."AspNetUserRoles" VALUES ('8ad6bf2f-f002-4bec-afd6-d6c431dad802', '5e70a244-13fd-4612-9f9b-11d5b5daaffd');
INSERT INTO public."AspNetUserRoles" VALUES ('b8e2a7bb-e87a-437c-a352-773a613c59cb', '52c1da55-09fd-493a-95a6-5b99d26b5aeb');
INSERT INTO public."AspNetUserRoles" VALUES ('24dce1a9-47af-449b-903a-73b92fe55e1d', '5e70a244-13fd-4612-9f9b-11d5b5daaffd');
INSERT INTO public."AspNetUserRoles" VALUES ('6ce72f93-a609-457b-921b-9c5306d52e5b', '52c1da55-09fd-493a-95a6-5b99d26b5aeb');
INSERT INTO public."AspNetUserRoles" VALUES ('48c840aa-4889-44c2-bc76-e85ae8714a63', '5e70a244-13fd-4612-9f9b-11d5b5daaffd');
INSERT INTO public."AspNetUserRoles" VALUES ('ff510f7b-6b9f-40b5-8a4c-7cba73e57330', '776924b6-3265-4818-8b71-99b808824f51');
INSERT INTO public."AspNetUserRoles" VALUES ('72717c4d-c25e-43b2-9730-262c1e1fe5d1', '776924b6-3265-4818-8b71-99b808824f51');
INSERT INTO public."AspNetUserRoles" VALUES ('7e65f67d-7344-40d4-8c9f-69bdc3e80ad9', '776924b6-3265-4818-8b71-99b808824f51');
INSERT INTO public."AspNetUserRoles" VALUES ('7f60e6de-ac1c-457c-8e5b-57217e1ff9b3', '52c1da55-09fd-493a-95a6-5b99d26b5aeb');
INSERT INTO public."AspNetUserRoles" VALUES ('0b1711b9-2581-4998-8cf3-d33a7a004b84', '5e70a244-13fd-4612-9f9b-11d5b5daaffd');


--
-- TOC entry 5029 (class 0 OID 20456)
-- Dependencies: 238
-- Data for Name: AspNetUserTokens; Type: TABLE DATA; Schema: public; Owner: postgres
--



--
-- TOC entry 5016 (class 0 OID 20345)
-- Dependencies: 225
-- Data for Name: AspNetUsers; Type: TABLE DATA; Schema: public; Owner: postgres
--

INSERT INTO public."AspNetUsers" VALUES ('8ad6bf2f-f002-4bec-afd6-d6c431dad802', 'Recruiter', 'Sagu2', 'Jakarta Barat', '2000-12-05', 'Female', NULL, NULL, 4, 's08623577@gmail.com', 'S08623577@GMAIL.COM', 's08623577@gmail.com', 'S08623577@GMAIL.COM', false, 'AQAAAAIAAYagAAAAEDfaVeSANYfCyCiLJORoOgoF1OcEzj+xN9csY0Q806OcFL/Bo7gQ77wYoaMD0Wt44A==', '477WX2WFY3XLYQRXRID5OBPLHKTVCUCB', '02eabec6-d1f1-4e47-9ec8-dde8821a6c6e', '0877654333', false, false, NULL, true, 0);
INSERT INTO public."AspNetUsers" VALUES ('56c6c6b1-deef-4a2e-9f7a-b17b98ea657f', 'Raihan', 'Dayat', 'jalan apa hayo', '1997-10-09', 'Male', NULL, NULL, 1, 'dayat@gmail.com', 'DAYAT@GMAIL.COM', 'dayat@gmail.com', 'DAYAT@GMAIL.COM', false, 'AQAAAAIAAYagAAAAEFoXuCH9dyF0aZqWfE5DWR1KuLiEeQV6h6ovxGkHktD6aOD7Mb+9ZWT0uR4BD/US9Q==', 'I76N67YZBANZJERKPLURHIOZQJ24UDYT', '89c9e8fe-a2bb-41f4-8313-1715aeb1da04', '0982081083010', false, false, NULL, true, 0);
INSERT INTO public."AspNetUsers" VALUES ('f08c35f6-d1fa-48b8-80d0-b91d40f4b164', 'Raihan', 'Dayat', 'Jl Kemenangan', '1997-10-09', 'Male', 'xtspDK8DxRb0So/21BW472FsW7l9OL7TbZQGnWtdlWw=', '2024-12-24 16:58:12.869208+07', 2, 'risyadkamarullah423@gmail.com', 'RISYADKAMARULLAH423@GMAIL.COM', 'risyadkamarullah423@gmail.com', 'RISYADKAMARULLAH423@GMAIL.COM', false, 'AQAAAAIAAYagAAAAEKT0cN1m8lphCHDJLqlHjQhxbLsrp47oBlsLe50DzKmrwEeU7sJo4tiUnDMpc+JcXg==', '2GFK7HMIXWMXHNBSP7SYZKKMDZLB5ZTC', '91896445-5f0c-48e0-9719-6bdec3bc7fe5', '0982081083010', false, false, NULL, true, 0);
INSERT INTO public."AspNetUsers" VALUES ('24dce1a9-47af-449b-903a-73b92fe55e1d', 'Recruiter', 'Ada1', 'Kalimantan Utara', '1999-01-03', 'Female', NULL, NULL, 5, 'gopapruhaxo-1667@yopmail.com', 'GOPAPRUHAXO-1667@YOPMAIL.COM', 'gopapruhaxo-1667@yopmail.com', 'GOPAPRUHAXO-1667@YOPMAIL.COM', false, 'AQAAAAIAAYagAAAAEAw2qBQx/1u8DKk3bQfBWwiB+vOH6SUX+BvxLz8cPIGo+IBMYWnFLKDwsdUVGFcR3g==', 'RWKENZFWCR7AEYAT5ZKON5GP7QE3CHVR', '12bda583-1303-4b0b-b7ea-b9ccc6a2df56', '0897645474', false, false, NULL, true, 0);
INSERT INTO public."AspNetUsers" VALUES ('50b943e6-fc54-4f4c-83be-4450a4cf2485', 'Farhan', 'Atha', 'Jl. Buntu', '2001-07-02', 'Male', NULL, NULL, 1, 'test2@solecode.id', 'TEST2@SOLECODE.ID', 'test2@solecode.id', 'TEST2@SOLECODE.ID', false, 'AQAAAAIAAYagAAAAEMPHYgKdGfWwUeOOnylDy3Tr1dCK1tWcIXC5xoJJIopl7Su6pYVOFWl9FRHZUpD8rA==', 'RCEDCMEVQRAI235OTCWKOCAQAXHD4BGI', '90eeb5f3-7094-45ff-b7b2-7ffa5219283f', '081381818181', false, false, NULL, true, 0);
INSERT INTO public."AspNetUsers" VALUES ('10cd5db1-39eb-48aa-8875-60bf5c5ce130', 'string', 'string', 'Bogor', '2002-01-01', 'Male', NULL, NULL, NULL, 'Applicant1', 'APPLICANT1', 'xewebrounitra-6976@yopmail.com', 'XEWEBROUNITRA-6976@YOPMAIL.COM', false, 'AQAAAAIAAYagAAAAEAgDMB7nhBRh9puaLfQ8ofWUkSrdvB922ZktRv0hV45EjJB4tmtC9E/gh4WKJ1deSA==', '7OSXZVRAYLYLQINTAU3KQFMEZ6NV4EBG', '0db9ff47-99f1-47bd-9cfe-244a99c5bbc3', '+6289902190', false, false, NULL, true, 0);
INSERT INTO public."AspNetUsers" VALUES ('805410e7-ce18-4fd7-b457-8df40b4ac65b', 'string', 'string', 'Tangerang', '2002-01-01', 'Male', NULL, NULL, NULL, 'Applicant', 'APPLICANT', 'Applicant@gmail.com', 'APPLICANT@GMAIL.COM', false, 'AQAAAAIAAYagAAAAEIJ1ETH/g+WnzqXVtMT1Du77WLoarKXXv9JvjKc9CxgkxwTypNulk9I+Moc5V/f4AQ==', 'TKXF5FFTUO6P5CX45R733YGDL6NBIJGI', '7c891a01-ebf1-4a77-a331-4a2f87b3e3cc', '+6289902190', false, false, NULL, true, 0);
INSERT INTO public."AspNetUsers" VALUES ('15a078fd-32d4-4b03-b520-d38a254ce585', 'Applicant', '4', 'Braga, Bandung', '2024-12-18', 'Male', NULL, NULL, NULL, 'Applicant4', 'APPLICANT4', 'applicant4@gmail.com', 'APPLICANT4@GMAIL.COM', false, 'AQAAAAIAAYagAAAAEJgo18z6YGLa8p+qwYg+fO2R1burffIsyjnle2IamiOzqfyw/ycHqouqxmb2SjWBqw==', 'OGNH6ROKRH2SLM7QC3WPHZFRCWKU2XWK', '2234f0c0-46e5-40bf-869d-293e3af53758', '08226956543', false, false, NULL, true, 0);
INSERT INTO public."AspNetUsers" VALUES ('f38e9920-bbb6-43d0-a272-11ee0849f941', 'string', 'string', 'Bogor', '2002-01-01', 'Male', NULL, NULL, NULL, 'Applicant2', 'APPLICANT2', 'frederickzoey90@gmail.com', 'FREDERICKZOEY90@GMAIL.COM', false, 'AQAAAAIAAYagAAAAENJ8YHc2KHoJmXaFrBEWBjU6fT0p9BpDT/ZTXxtSUzKwBs6zVY4L5i+d4iaul8KUEA==', '2GTQTJ2QYTNOT76WEM57RWGWWF2FBWYP', 'a1634c56-13f1-417b-864b-2141296a0f75', '+6289902190', false, false, NULL, true, 0);
INSERT INTO public."AspNetUsers" VALUES ('3ad58146-f887-4a27-88e4-4b9f606a88cd', 'Farhan', 'Atha', 'jakarta', '2001-07-02', 'Male', '8HsNfHun8vieKm251F2LwK4EQYAGj9AJvg6URrHzWK4=', '2024-12-24 16:59:02.116605+07', 2, 'HRManager', 'HRMANAGER', 'risyadkamarullah2019@gmail.com', 'RISYADKAMARULLAH2019@GMAIL.COM', false, 'AQAAAAIAAYagAAAAEFl6Ycd+pFtCUSGL5WXAkq1M+QnYTUKNeJAt76NbPQi2RBCNeJGFGsK9/pzfVn07yg==', 'VVTWYW5SV3XI2QX2RIAZTO4XHGKVMII2', 'f4736fa6-8cea-478b-beab-ed03d6fe19c3', '+6256789', false, false, NULL, true, 0);
INSERT INTO public."AspNetUsers" VALUES ('abf7ef9b-4a83-4da7-82d9-34bf1ed614d3', 'string', 'string', 'Bogor', '2002-01-01', 'Male', NULL, NULL, NULL, 'Applicant3', 'APPLICANT3', 'Applicant3@gmail.com', 'APPLICANT3@GMAIL.COM', false, 'AQAAAAIAAYagAAAAEDEKmeUbC1vOV4k9Hdx09yOHad/Y9ciJhW52rcJRqsVMKmFp8pAyD+8ZB5rAWIoshQ==', 'PMPM65QC5ZLZXJJOM2ROOUFZY4JVJF4W', 'c8acbb8d-29f4-42a6-b593-f26f6192f1ea', '+6289902190', false, false, NULL, true, 0);
INSERT INTO public."AspNetUsers" VALUES ('1f0e756e-9eaa-4481-b4f2-7c0f8d49aa4e', 'Miaw', 'Aug', 'Jl Kemenangan', '1997-10-09', 'Male', NULL, NULL, 4, 'risyad.kamarullah@solecode.id', 'RISYAD.KAMARULLAH@SOLECODE.ID', 'risyad.kamarullah@solecode.id', 'RISYAD.KAMARULLAH@SOLECODE.ID', false, 'AQAAAAIAAYagAAAAEN4yMPxbM4G5nmov5WaUMWYFVI3o0/Pnsto30HsuSZhunjQ+5rzepVU+fPt8UmRp7Q==', 'ZRU62LHBMFRHUBJVFSZOJ57Q5IM3PALX', 'db7afef5-e665-4747-94e3-49eddccbabba', '0982081083010', false, false, NULL, true, 0);
INSERT INTO public."AspNetUsers" VALUES ('0d4818d5-637b-459d-be0c-8cf1ab47e86f', 'recruiter', 'company1', 'Jakarta', '1999-12-05', 'Male', NULL, NULL, 1, 'recruitercompany1@gmail.com', 'RECRUITERCOMPANY1@GMAIL.COM', 'recruitercompany1@gmail.com', 'RECRUITERCOMPANY1@GMAIL.COM', false, 'AQAAAAIAAYagAAAAEEo1sSmY1L9VTzXIyPOCuxrs64zfptN9dG0AYI0Flo3gEwSHZDfXq3GeROXrQi5MYQ==', 'DFRX7T6EPZH2ETAPKJWMFDJBZCIG6QMU', '59ea1a0e-2569-4e04-a123-bed8e5f70096', '08771739115', false, false, NULL, true, 0);
INSERT INTO public."AspNetUsers" VALUES ('01c185de-1cb2-4016-9b54-cbab6c6da88d', 'Windah', 'Batubara', 'Jl. Buntu', '2001-07-02', 'Male', NULL, NULL, 4, 'risyadkamarullah04@gmail.com', 'RISYADKAMARULLAH04@GMAIL.COM', 'risyadkamarullah04@gmail.com', 'RISYADKAMARULLAH04@GMAIL.COM', false, 'AQAAAAIAAYagAAAAEHxxHF7ckaW2nwjiRqxMTmaqosKfA5mXpXjxx1n7G0vfu/CJ7SXpPBA8FGdq/vYZ6w==', 'VO6MYVHTRCNRNQC6BVQDIATWJ26XXL4R', '825a3c0c-61b6-4e09-81e5-bfc3facfdba2', '081381818181', false, false, NULL, true, 0);
INSERT INTO public."AspNetUsers" VALUES ('81400489-4863-4890-b5cc-3d6c82b602e0', 'ApplicantUser', '5', 'Bekasi', '2000-12-01', 'Female', NULL, NULL, NULL, 'Applicant5', 'APPLICANT5', 'applicant5@gmail.com', 'APPLICANT5@GMAIL.COM', false, 'AQAAAAIAAYagAAAAENDDrjCvd/R2apsOl5V3UrMZAg9sF0alpAIl94a9R3ET2w2p539aETpddNTrPwf7Xw==', 'HX2V5V25SGHYAWXY5FPZV2NGPYWKSNA5', '163c5833-5c06-49a3-890e-cd91e964691b', '08132425142', false, false, NULL, true, 0);
INSERT INTO public."AspNetUsers" VALUES ('b8e2a7bb-e87a-437c-a352-773a613c59cb', 'HR', 'Manager2', 'Jl. Jend Sudirman, Kalimantan Utara', '1989-12-04', 'Male', NULL, NULL, 5, 'quicouraudopreu-4157@yopmail.com', 'QUICOURAUDOPREU-4157@YOPMAIL.COM', 'quicouraudopreu-4157@yopmail.com', 'QUICOURAUDOPREU-4157@YOPMAIL.COM', false, 'AQAAAAIAAYagAAAAEAYRwFIwU7V9boJmgXANwqwPEzIQrZ+6JxHUPvSBBgMQgiQohRy2bHEcGoUaJij+hg==', 'NUZROM4YCMPHV4KDXMUNZMXZ7SHOGI3A', 'd0684cf5-abd5-4523-a178-c8af843460e8', '0812233424', false, false, NULL, true, 0);
INSERT INTO public."AspNetUsers" VALUES ('6ce72f93-a609-457b-921b-9c5306d52e5b', 'HR', 'Manager3', 'Bandung', '1990-12-27', 'Male', NULL, NULL, 6, 'zaneigocropro-7024@yopmail.com', 'ZANEIGOCROPRO-7024@YOPMAIL.COM', 'zaneigocropro-7024@yopmail.com', 'ZANEIGOCROPRO-7024@YOPMAIL.COM', false, 'AQAAAAIAAYagAAAAEPFhSi6XQ1G2omn8oQr1rBk4ycoUGcX9sUhMAsjXLqozYMUB4olBnUK4t3r0X7gZXw==', 'N2GAFTTU7BEQ73Z5X4WQQMXDBOQQE5IP', 'dfd88342-50d8-4915-82c0-199d6b6caa4c', '087626352572', false, false, NULL, true, 0);
INSERT INTO public."AspNetUsers" VALUES ('865d66d9-9cdf-4871-ace1-e14ef74121f4', 'Admin1', 'Admin1', 'Jakarta', '2000-01-01', 'Male', NULL, NULL, NULL, 'Admin1', 'ADMIN1', 'risyadkamarullah04@gmail.com', 'RISYADKAMARULLAH04@GMAIL.COM', false, 'AQAAAAIAAYagAAAAEDEl707WO2M9XOekpMF4osW3mLwnH5DSm7Xe0/nN4oMxhawYH4Xi4wdSQvT2I+CLIQ==', 'AWNCNSBPQGFX5ILTOPBMBRLW2VGRGLST', 'a63862c4-9ac2-4bee-b582-35e5f9a8d0e8', '+2345678', false, false, NULL, true, 0);
INSERT INTO public."AspNetUsers" VALUES ('4ee2ba28-9474-438d-aa00-b3b1c9d0a196', 'Robute', 'Gulliman', 'Monte Carlo', '1990-12-23', 'Female', 'eWcXMeFm8LLf9qTgq7sQOEjBI4EmVwKCxqkk83A44WI=', '2025-01-23 14:45:56.023589+07', 4, 'robute1@gmail.com', 'ROBUTE1@GMAIL.COM', 'robute1@gmail.com', 'ROBUTE1@GMAIL.COM', false, 'AQAAAAIAAYagAAAAEAVwLOpycM5NzhWSwFkiXb4erB+i3FZJXs0Dr8u1SUnX9aJrtcAMSRTJDFkdzJ5mJA==', 'Q7AD5CJI4ITAORSBH76DI3HPXKYRRV46', '08861cfe-ce52-4cf5-9cbf-733c3cf67c46', '08226123456', false, false, NULL, true, 0);
INSERT INTO public."AspNetUsers" VALUES ('48c840aa-4889-44c2-bc76-e85ae8714a63', 'Recruiter', 'CompanyNew1', 'Bandung', '1990-12-27', 'Female', NULL, NULL, 6, 'kunnossakoubra-5606@yopmail.com', 'KUNNOSSAKOUBRA-5606@YOPMAIL.COM', 'kunnossakoubra-5606@yopmail.com', 'KUNNOSSAKOUBRA-5606@YOPMAIL.COM', false, 'AQAAAAIAAYagAAAAEE3m9IJ8gIIEjmHAupmqsy/rlE6iM9ssgH+I0J0tEOCdEIpVC+8R8xYu9KEcR/vyhA==', '3537K7NEY7GATLYK5CTCRMPS47HHGHFA', '5996f87d-5eed-402e-9601-145770291c33', '089278278', false, false, NULL, true, 0);
INSERT INTO public."AspNetUsers" VALUES ('7e65f67d-7344-40d4-8c9f-69bdc3e80ad9', 'Applicant', '8', 'Surabaya', '2003-02-02', 'Female', NULL, NULL, NULL, 'Applicant8', 'APPLICANT8', 'togrennoijatta-6333@yopmail.com', 'TOGRENNOIJATTA-6333@YOPMAIL.COM', false, 'AQAAAAIAAYagAAAAEFgm9sq+iTY+v2f108IL5pA/XPmIXTEfK3dlCWMxFe8qWz/rDXubMBb0n9CS7mfpXg==', '327KPRUYUWME6M3CJK4AXM7733KG4TSY', '703f448c-c153-4847-bba5-857dce13f328', '0894678543', false, false, NULL, true, 0);
INSERT INTO public."AspNetUsers" VALUES ('0b1711b9-2581-4998-8cf3-d33a7a004b84', 'Recruiter', 'Capital1', 'Jl. Semarang, Semarang', '2001-01-02', 'Male', NULL, NULL, 7, 'sannajegapu-9866@yopmail.com', 'SANNAJEGAPU-9866@YOPMAIL.COM', 'sannajegapu-9866@yopmail.com', 'SANNAJEGAPU-9866@YOPMAIL.COM', false, 'AQAAAAIAAYagAAAAEKv9QYsWM7tcVU0UglqnW1IFtgi0YORCxcT4gCutQYp/xY/yPxvKRNYECyeEQKpZ5Q==', 'BY7LRZPZAKLAUEDPMLMJA6FTFCUIH4YC', '81f73cca-6b29-49e9-a985-9ed936876952', '0812345678', false, false, NULL, true, 0);
INSERT INTO public."AspNetUsers" VALUES ('7f60e6de-ac1c-457c-8e5b-57217e1ff9b3', 'preu', 'boi', 'Semarang', '2025-01-08', 'Female', 'a+EbqEXMerR81qiAzwKd6uIqz8ohACKrvAbt1R4xpLI=', '2025-01-24 09:51:42.484453+07', 7, 'preuboicaffufrau-4371@yopmail.com', 'PREUBOICAFFUFRAU-4371@YOPMAIL.COM', 'preuboicaffufrau-4371@yopmail.com', 'PREUBOICAFFUFRAU-4371@YOPMAIL.COM', false, 'AQAAAAIAAYagAAAAEFyo/aerCqoyLhEGBlwUJaZmcqyK3fDK6yunaa97PmbgcUDmGm4IPHCrTMk9tGiMeg==', 'YKG7HXHF7BSVA2LMEGBPHK2APRUTV4OX', 'f80bfdeb-2861-4c66-8937-6e4480cf8730', '0812436768', false, false, NULL, true, 0);
INSERT INTO public."AspNetUsers" VALUES ('72717c4d-c25e-43b2-9730-262c1e1fe5d1', 'Applicant', '7', 'Bandung', '2001-12-04', 'Female', NULL, NULL, NULL, 'Applicant7', 'APPLICANT7', 'safravifriku-8658@yopmail.com', 'SAFRAVIFRIKU-8658@YOPMAIL.COM', false, 'AQAAAAIAAYagAAAAENhdZ/tKLZ3xRi2h8WTxLPdjms65SmVSZWcZFsFBPArheJwDFaMMUJboq9sj3vTesg==', 'B2DMRSHARK4ZFSQ5IDVYYIYXUFR746EL', 'c96362cd-a739-47d5-86f5-f23fdcbd8b74', '081234567', false, false, NULL, true, 0);
INSERT INTO public."AspNetUsers" VALUES ('ff510f7b-6b9f-40b5-8a4c-7cba73e57330', 'Applicant6', 'Applicant6', 'Bogor', '2003-12-05', 'Male', NULL, NULL, NULL, 'Applicant6', 'APPLICANT6', 'grausazureulle-5633@yopmail.com', 'GRAUSAZUREULLE-5633@YOPMAIL.COM', false, 'AQAAAAIAAYagAAAAEIk4bjnRi4EJsJE9AKNUAko9+rTol7BTE2VpGN4M1OdavlKEdBK9w1Ys54lS73GxUw==', 'GXMRB4YPHFLMT67KLJFESCEQCNRWQGJE', '1bf5d32c-64d7-45ce-ae17-4999ac13c4d4', '081235454', false, false, NULL, true, 0);


--
-- TOC entry 5009 (class 0 OID 20309)
-- Dependencies: 218
-- Data for Name: Companies; Type: TABLE DATA; Schema: public; Owner: postgres
--

INSERT INTO public."Companies" VALUES (1, 'test2', 'Jl Pisok');
INSERT INTO public."Companies" VALUES (2, 'Test 2', 'Jl Pisok');
INSERT INTO public."Companies" VALUES (4, 'Gudang Sagu Company Tbk.', 'Jl. Sagu');
INSERT INTO public."Companies" VALUES (5, 'PT AdaAja Tbk', 'Kalimantan Utara');
INSERT INTO public."Companies" VALUES (6, 'PT Company1 Tbk', 'Bandung');
INSERT INTO public."Companies" VALUES (7, 'CMM Capital Tbk', 'Jl. Jend. Sudirman, Semarang');


--
-- TOC entry 5011 (class 0 OID 20317)
-- Dependencies: 220
-- Data for Name: CompanyRequests; Type: TABLE DATA; Schema: public; Owner: postgres
--

INSERT INTO public."CompanyRequests" VALUES (1, 'test1@solecode.id', 'test1', 'Jl Pisok', 'Farhan', 'Atha', 'Jl. Buntu', '081381818181', '2001-07-02', 'Male', false);
INSERT INTO public."CompanyRequests" VALUES (2, 'test2@solecode.id', 'test2', 'Jl Pisok', 'Farhan', 'Atha', 'Jl. Buntu', '081381818181', '2001-07-02', 'Male', true);
INSERT INTO public."CompanyRequests" VALUES (3, 'risyadkamarullah2019@gmail.com', 'Test 2', 'Jl Pisok', 'Farhan', 'Atha', 'Jl. Buntu', '081381818181', '2001-07-02', 'Male', true);
INSERT INTO public."CompanyRequests" VALUES (6, 'risyadkamarullah04@gmail.com', 'Gudang Sagu Company Tbk.', 'Jl. Sagu', 'Windah', 'Batubara', 'Jl. Buntu', '081381818181', '2001-07-02', 'Male', true);
INSERT INTO public."CompanyRequests" VALUES (7, 'quicouraudopreu-4157@yopmail.com', 'PT AdaAja Tbk', 'Kalimantan Utara', 'HR', 'Manager2', 'Jl. Jend Sudirman, Kalimantan Utara', '0812233424', '1989-12-04', 'Male', true);
INSERT INTO public."CompanyRequests" VALUES (8, 'zaneigocropro-7024@yopmail.com', 'PT Company1 Tbk', 'Bandung', 'HR', 'Manager3', 'Bandung', '087626352572', '1990-12-27', 'Male', true);
INSERT INTO public."CompanyRequests" VALUES (9, 'yemmaffizuxoi-4659@yopmail.com', 'Marigold', 'Papua ', 'Heru', 'Budi', 'Jl. Timur, Papua', '0812335478', '1989-01-02', 'Male', NULL);
INSERT INTO public."CompanyRequests" VALUES (10, 'preuboicaffufrau-4371@yopmail.com', 'CMM Capital Tbk', 'Jl. Jend. Sudirman, Semarang', 'preu', 'boi', 'Semarang', '0812436768', '2025-01-08', 'Female', true);


--
-- TOC entry 5048 (class 0 OID 20633)
-- Dependencies: 257
-- Data for Name: InterviewScheduling; Type: TABLE DATA; Schema: public; Owner: postgres
--

INSERT INTO public."InterviewScheduling" VALUES (1, 1, '2024-10-15 14:30:00+07', '{Dayat,Steven}', '{mantap,"lolosin aja nih mantap dia, cocok untuk kerja di perusahaan kita"}', 'Offline', 'Test1 office building', true, 2, NULL);
INSERT INTO public."InterviewScheduling" VALUES (2, 2, '2024-10-15 14:30:00+07', '{Dayat,Steven}', '{mantap,"lolosin aja nih mantap dia, cocok untuk kerja di perusahaan kita"}', 'Offline', 'Test1 office building', true, 4, NULL);
INSERT INTO public."InterviewScheduling" VALUES (4, 7, '2025-01-12 00:00:00+07', '{Setev}', '{}', 'Online', 'Zoom meeting', true, 18, NULL);
INSERT INTO public."InterviewScheduling" VALUES (5, 8, '2025-01-13 00:00:00+07', '{setev}', '{}', 'Online', 'Zoom meeting', NULL, 19, NULL);
INSERT INTO public."InterviewScheduling" VALUES (6, 11, '2025-01-11 15:30:00+07', '{John," Doe"}', '{}', 'Online', 'Zoom meeting', true, 25, NULL);
INSERT INTO public."InterviewScheduling" VALUES (7, 9, '2025-01-12 09:00:00+07', '{Joe}', '{}', 'Online', 'Zoom meeting', NULL, 21, NULL);
INSERT INTO public."InterviewScheduling" VALUES (8, 12, '2025-01-15 15:55:00+07', '{milanta,milanta}', '{haha,haa}', 'Online', 'Zoom meeting', true, 26, '{kunnossakoubra-5606@yopmail.com,user@gmail.com}');
INSERT INTO public."InterviewScheduling" VALUES (9, 13, '2025-01-16 09:30:00+07', '{gprou}', '{}', 'Online', 'Zoom meeting', NULL, 27, '{gopapruhaxo-1667@yopmail.com}');
INSERT INTO public."InterviewScheduling" VALUES (10, 5, '2025-01-16 09:30:00+07', '{gprou}', '{}', 'Offline', 'Gedung a', NULL, 13, '{dayat@gmail.com}');
INSERT INTO public."InterviewScheduling" VALUES (11, 10, '2025-01-14 11:42:00+07', '{gprou}', '{}', 'Online', 'Zoom meeting', NULL, 23, '{gopapruhaxo-1667@yopmail.com}');


--
-- TOC entry 5043 (class 0 OID 20577)
-- Dependencies: 252
-- Data for Name: JobPostRequests; Type: TABLE DATA; Schema: public; Owner: postgres
--

INSERT INTO public."JobPostRequests" VALUES (1, 'Analyst', 1, 'analyst graphic', 'S-1 Major economy', 'Jakarta', 5000000, 6000000, 'Contract', 1);
INSERT INTO public."JobPostRequests" VALUES (2, 'IT Backend Developer', 2, 'Backend Web Developer', 'S-1 Computer Science or any related Major', 'Jakarta', 5000000, 6000000, 'Permanent', 3);
INSERT INTO public."JobPostRequests" VALUES (3, 'Content Creator Social Media', 4, 'Shooting Produk dan editing, Re-edit video & Shoot Product Footage serta Bisa menggunakan Capcut, Adobe, Photoshop & After Effect', 'Fresh Graduate are welcoming', 'Jakarta Utara', 5000000, 6000000, 'Permanent', 7);
INSERT INTO public."JobPostRequests" VALUES (4, 'Videographer & Editor Intern', 4, 'Edit videos, from start to finish, Work closely with the Prodia Corporate University Team to create video content for learning and Engagement Purpose,Operates video cameras on location within production of pre-recorded program or Live Event, andEnsure that equipment for a shoot is presentable and working.', 'Minimum Qualifications and Experience,Bachelor''s degree in DKV, Multimedia, Animation, Communication or similar major (>Semester 6 until Fresh graduate are welcome to apply) Creative and passionate in video editing, Have a good sense of art and design, and strong storytelling skills.', 'Jakarta Pusat', 1000000, 2000000, 'Intern', 8);
INSERT INTO public."JobPostRequests" VALUES (5, 'Sales Associate', 4, 'Menawarkan produk pembayaran Home Credit Indonesia di outlet rekanan, Mempromosikan produk pembiayaan Home Credit Indonesia melalui Media Sosial,Melayani dan memandu pelanggan dalam proses pembayaran menggunakan produk Home Credit Indonesia', 'Pendidikan minimal SMA/Sederajat & diutamakan yang memiliki pengalaman kerja, Komunikatif dan menyukai tantangan, Berpenampilan rapi & menarik, Memiliki smartphone Android, Bersedia ditempatkan di outlet rekanan Home Credit Indonesia, baik di Street area ataupun Mall area di wilayah Jambi', 'Jambi', 5000000, 7000000, 'Contract', 9);
INSERT INTO public."JobPostRequests" VALUES (6, 'Customer Relationship Executive Sidoarjo', 1, 'Memanage Repeat Order Data Konsumen, Menawarkan kembali kepada Konsumen yang pernah melakukan,pembiayaan BPKB, Melakukan visit ke rumah konsumen BPKB Motor atau Mobil, Memastikan kondisi kelayakan konsumen berdasarkan analisa kredit untuk dibiayai sesuai dengan prosedur dan ketentuan yang berlaku, Bertanggung Jawab untuk kelengkapan data Calon Konsumen.', 'Pria/Wanita, Maksimal umur 30 tahun, Suka Pekerjaan Lapangan, Minimal Pendidikan D3/S1 Semua Jurusan,Lebih disukai berpengalaman Marketing di bidang yang sama,Terbuka untuk Fresh Graduate', 'Sidoarjo', 4000000, 5000000, 'Permanent', 10);
INSERT INTO public."JobPostRequests" VALUES (7, 'HSE Staff (System)', 5, 'Melakukan safety talk di seluruh Proyek Kaltara sesuai dengan jadwal yang telah ditetapkan, dengan partisipasi seluruh karyawan dan mitra kerja. Mengumpulkan data mengenai area dan kegiatan yang memerlukan pengawasan yang lebih ketat untuk memberikan saran kepada Departemen Terkait tentang tata cara kerja dan penggunaan alat-alat deteksi serta alat-alat pelindung diri, Melakukan verifikasi data pengajuan induksi pekerja dan menjalankan pelaksanaan Induksi pekerja.', 'Minimum Diploma dari universitas terkemuka dengan jurusan K3, Teknik Lingkungan, Teknik lainnya. Memiliki Sertifikasi Ahli K3 Umum; A hli Muda K3 Konstruksi, Auditor SMK3 , Intermediate Incident Investigation akan menjadi nilai tambah. Minimal 2 tahun pengalaman pekerjaan dibidang HSE System sebagi Staff (Foreman). ', 'Kalimantan Utara', 9000000, 10000000, 'Contract', 12);
INSERT INTO public."JobPostRequests" VALUES (8, 'HSE Staff (System)', 6, 'Melakukan safety talk di seluruh Proyek Kaltara sesuai dengan jadwal yang telah ditetapkan, dengan partisipasi seluruh karyawan dan mitra kerja. Mengumpulkan data mengenai area dan kegiatan yang memerlukan pengawasan yang lebih ketat untuk memberikan saran kepada Departemen Terkait tentang tata cara kerja dan penggunaan alat-alat deteksi serta alat-alat pelindung diri, Melakukan verifikasi data pengajuan induksi pekerja dan menjalankan pelaksanaan Induksi pekerja.', 'Minimum Diploma dari universitas terkemuka dengan jurusan K3, Teknik Lingkungan, Teknik lainnya. Memiliki Sertifikasi Ahli K3 Umum; A hli Muda K3 Konstruksi, Auditor SMK3 , Intermediate Incident Investigation akan menjadi nilai tambah. Minimal 2 tahun pengalaman pekerjaan dibidang HSE System sebagi Staff (Foreman). ', 'Bandung', 9000000, 10000000, 'Contract', 14);
INSERT INTO public."JobPostRequests" VALUES (9, 'HSE Staff (System)', 6, 'Melakukan safety talk di seluruh Proyek Kaltara sesuai dengan jadwal yang telah ditetapkan, dengan partisipasi seluruh karyawan dan mitra kerja. Mengumpulkan data mengenai area dan kegiatan yang memerlukan pengawasan yang lebih ketat untuk memberikan saran kepada Departemen Terkait tentang tata cara kerja dan penggunaan alat-alat deteksi serta alat-alat pelindung diri, Melakukan verifikasi data pengajuan induksi pekerja dan menjalankan pelaksanaan Induksi pekerja.', 'Minimum Diploma dari universitas terkemuka dengan jurusan K3, Teknik Lingkungan, Teknik lainnya. Memiliki Sertifikasi Ahli K3 Umum; A hli Muda K3 Konstruksi, Auditor SMK3 , Intermediate Incident Investigation akan menjadi nilai tambah. Minimal 2 tahun pengalaman pekerjaan dibidang HSE System sebagi Staff (Foreman). ', 'Bandung', 7000000, 8000000, 'Contract', 15);
INSERT INTO public."JobPostRequests" VALUES (10, 'Network Engineer', 6, 'Design and implement network infrastructure solutions that meet the company’s business requirements. Configure and maintain network hardware and software, including routers, switches, wireless access devices, network controllers, and virtual appliances.', 'Bachelor Degree in Informatics Engineering, Telecommunication Engineering, Computer Science, Electrical Engineering, or related Engineering discipline Having Certificate CCNA Routing Switching is an advantage Having knowledge and familiar with Cisco Products & Mellanox Having minimumm 1-3 years experience in the same field Having good communication skill & good attitude', 'Purwakarta', 9000000, 9500000, 'Contract', 17);
INSERT INTO public."JobPostRequests" VALUES (11, 'Environment Officer', 6, 'Melaksanakan HSE talk di seluruh Proyek Kaltara sesuai dengan jadwal yang telah ditetapkan dan diikuti oleh seluruh karyawan dan mitra kerja. Melaksanakan pekerjaan sesuai standar keamanan, keselamatan, dan kesehatan (K3), standar keselamatan ketenagalistikan (K2), dan program housekeeping Mengimplementasikan program improvement yang berkesinambungan.', 'Minimal Sarjana (S1) dari universitas terkemuka dengan jurusan Teknik Lingkungan, dan Teknik Kimia. Wajib Memiliki sertifikasi yang berhubungan dengan Operational / Pengendalian pencemaran Udara Air dan Limbah B3 Wajib mengetahui Environmental System Management ', 'Kalimantan Utara', 7000000, 9000000, 'Permanent', 20);
INSERT INTO public."JobPostRequests" VALUES (12, 'Technical Writer  ', 5, 'Menyusun dokumentasi teknis seperti panduan instalasi, dokumen API, dan dokumen sistem. Memperbarui dan merevisi dokumentasi yang ada sesuai dengan perubahan dan standar dokumentasi terbaru. Memastikan akurasi informasi dengan melakukan pengujian pada dokumentasi yang disusun untuk memastikan bahwa informasi teknis akurat dan dapat diterapkan Mengikuti standar dokumentasi untuk memastikan kualitas dan profesionalisme dokumen.', 'Pendidikan minimal S1 dengan segala jurusan Memiliki pengalaman minimal 1 tahun sebagai technical writer Freshgraduate dengan pengalaman magang dipersilakan melamar Mampu membuat dokumentasi technical Memahamii proses SDLC', 'Bandung', 4000000, 5000000, 'Permanent', 22);
INSERT INTO public."JobPostRequests" VALUES (13, 'Surveyor', 5, 'Mengumpulkan data pendukung yang diperlukan dari calon debitur, Melakukan verifikasi atau pengecekan kebenaran data yang diperoleh dengan nasabah dan pihak ketiga, Menjaga hubungan dengan konsumen yang telah di survey', 'Memiliki pengalaman kerja sebagai CMO / Surveyor min. 1 tahun, Memiliki kendaraan bermotor & SIM C yang masih berlaku, Memiliki jaringan agent dan paham dg wilayah setempat', 'Surabaya', 4500000, 5000000, 'Contract', 24);
INSERT INTO public."JobPostRequests" VALUES (14, 'Finance Officer', 7, 'Verifikasi transaksi pengeluaran dan penerimaan uang.

• Memeriksa Laporan Harian dan rekonsiliasi rekening koran (Monthly, yang diperiksa adalah transaksi harian)
Melakukan fungsi taskforcing dalam rangka menyelesaikan masalah finance operation di cabang, Menjaga hubungan baik denga Bank, Bersama-sama team accounting & tax melakukan training & development Finance Cabang, SOP Development, Implementation, & Control to branch', 'Kandidat minimal harus memiliki gelar Sarjana strata 1
Berasal dari jurusan Finance, Accounting, Management, Tax
Diusahakan memiliki Brevet A dan B
Pengalaman Finance menjadi Nilai Tambah
Dapat bekerja sesuai dengan deadline yang ditentukan', 'Semarang', 4500000, 5000000, 'Permanent', 28);
INSERT INTO public."JobPostRequests" VALUES (15, 'Account Manager', 7, 'Train partners on effective methods for selling and implementing Odoo solutions
Collaborate with partners to offer tailored implementation package for end customers
Qualify end customers by analyzing their business needs and recommend local qualified partners accordingly
Negotiate or facilitating negotiations with/between partners and customers
To understand how partners work, how Odoo will help them be more efficient, and how selling Odoo''s products and services can fit into their business mode', 'Min. Bachelor degree or higher
Fluent in Bahasa Indonesia and English
You are an excellent communicator, you like to negotiate and to achieve targets​
Strong knowledge in ERP, business management software and the whole tech industry
Passionate about sales', 'Semarang', 4000000, 5000000, 'Contract', 29);
INSERT INTO public."JobPostRequests" VALUES (16, 'QA Engineer', 7, 'Test Planning: Developing test plans based on project requirements and specifications
Test Case Design: Creating detailed, comprehensive, and well-structured test cases and test scripts.
Test Execution: Performing manual and automated testing to ensure the quality and functionality of software applications.
Testing system, database, web application, mobile application to verify and validate programs, functions and performance to meet specifications and requirements', 'Candidate must possess at least Bachelor''s Degree in Computer Science/Information Technology or equivalent.
Experince minimum 5 year in testing.
Previous experience as automation test engineer (Katalon Studio)
Have understanding about process flow.
Having skill to identify and evaluate rare problems and missing requirements while conducting tests.
Excellent in testing system, database, web application, mobile application and reproduce bugs.', 'Semarang', 4500000, 5000000, 'Contract', 30);


--
-- TOC entry 5031 (class 0 OID 20469)
-- Dependencies: 240
-- Data for Name: JobPostTemplateRequests; Type: TABLE DATA; Schema: public; Owner: postgres
--



--
-- TOC entry 5020 (class 0 OID 20371)
-- Dependencies: 229
-- Data for Name: JobPostTemplates; Type: TABLE DATA; Schema: public; Owner: postgres
--



--
-- TOC entry 5018 (class 0 OID 20358)
-- Dependencies: 227
-- Data for Name: JobPosts; Type: TABLE DATA; Schema: public; Owner: postgres
--

INSERT INTO public."JobPosts" VALUES (1, 'Analyst', 1, 'analyst graphic', 'S-1 Major economy', 'Jakarta', 5000000, 6000000, 'Contract', '2024-10-13 09:49:09.770075+07');
INSERT INTO public."JobPosts" VALUES (2, 'IT Backend Developer', 2, 'Backend Web Developer', 'S-1 Computer Science or any related Major', 'Jakarta', 5000000, 6000000, 'Permanent', '2024-10-11 14:58:21.393151+07');
INSERT INTO public."JobPosts" VALUES (3, 'Content Creator Social Media', 4, 'Shooting Produk dan editing, Re-edit video & Shoot Product Footage serta Bisa menggunakan Capcut, Adobe, Photoshop & After Effect', 'Fresh Graduate are welcoming', 'Jakarta Utara', 4000000, 5000000, 'Permanent', '2024-12-18 09:44:39.490382+07');
INSERT INTO public."JobPosts" VALUES (4, 'Videographer & Editor Intern', 4, 'Edit videos, from start to finish, Work closely with the Prodia Corporate University Team to create video content for learning and Engagement Purpose,Operates video cameras on location within production of pre-recorded program or Live Event, andEnsure that equipment for a shoot is presentable and working.', 'Minimum Qualifications and Experience,Bachelor''s degree in DKV, Multimedia, Animation, Communication or similar major (>Semester 6 until Fresh graduate are welcome to apply) Creative and passionate in video editing, Have a good sense of art and design, and strong storytelling skills.', 'Jakarta Pusat', 1000000, 2000000, 'Intern', '2024-12-19 20:38:53.833774+07');
INSERT INTO public."JobPosts" VALUES (5, 'Sales Associate', 4, 'Menawarkan produk pembayaran Home Credit Indonesia di outlet rekanan, Mempromosikan produk pembiayaan Home Credit Indonesia melalui Media Sosial,Melayani dan memandu pelanggan dalam proses pembayaran menggunakan produk Home Credit Indonesia', 'Pendidikan minimal SMA/Sederajat & diutamakan yang memiliki pengalaman kerja, Komunikatif dan menyukai tantangan, Berpenampilan rapi & menarik, Memiliki smartphone Android, Bersedia ditempatkan di outlet rekanan Home Credit Indonesia, baik di Street area ataupun Mall area di wilayah Jambi', 'Jambi', 5000000, 7000000, 'Contract', '2024-12-20 13:24:36.437975+07');
INSERT INTO public."JobPosts" VALUES (6, 'Customer Relationship Executive Sidoarjo', 1, 'Memanage Repeat Order Data Konsumen, Menawarkan kembali kepada Konsumen yang pernah melakukan,pembiayaan BPKB, Melakukan visit ke rumah konsumen BPKB Motor atau Mobil, Memastikan kondisi kelayakan konsumen berdasarkan analisa kredit untuk dibiayai sesuai dengan prosedur dan ketentuan yang berlaku, Bertanggung Jawab untuk kelengkapan data Calon Konsumen.', 'Pria/Wanita, Maksimal umur 30 tahun, Suka Pekerjaan Lapangan, Minimal Pendidikan D3/S1 Semua Jurusan,Lebih disukai berpengalaman Marketing di bidang yang sama,Terbuka untuk Fresh Graduate', 'Sidoarjo', 4000000, 5000000, 'Permanent', '2024-12-20 13:38:07.135575+07');
INSERT INTO public."JobPosts" VALUES (7, 'HSE Staff (System)', 5, 'Melakukan safety talk di seluruh Proyek Kaltara sesuai dengan jadwal yang telah ditetapkan, dengan partisipasi seluruh karyawan dan mitra kerja. Mengumpulkan data mengenai area dan kegiatan yang memerlukan pengawasan yang lebih ketat untuk memberikan saran kepada Departemen Terkait tentang tata cara kerja dan penggunaan alat-alat deteksi serta alat-alat pelindung diri, Melakukan verifikasi data pengajuan induksi pekerja dan menjalankan pelaksanaan Induksi pekerja.', 'Minimum Diploma dari universitas terkemuka dengan jurusan K3, Teknik Lingkungan, Teknik lainnya. Memiliki Sertifikasi Ahli K3 Umum; A hli Muda K3 Konstruksi, Auditor SMK3 , Intermediate Incident Investigation akan menjadi nilai tambah. Minimal 2 tahun pengalaman pekerjaan dibidang HSE System sebagi Staff (Foreman). ', 'Kalimantan Utara', 9000000, 10000000, 'Contract', '2024-12-27 09:45:46.048416+07');
INSERT INTO public."JobPosts" VALUES (8, 'HSE Staff (System)', 6, 'Melakukan safety talk di seluruh Proyek Kaltara sesuai dengan jadwal yang telah ditetapkan, dengan partisipasi seluruh karyawan dan mitra kerja. Mengumpulkan data mengenai area dan kegiatan yang memerlukan pengawasan yang lebih ketat untuk memberikan saran kepada Departemen Terkait tentang tata cara kerja dan penggunaan alat-alat deteksi serta alat-alat pelindung diri, Melakukan verifikasi data pengajuan induksi pekerja dan menjalankan pelaksanaan Induksi pekerja.', 'Minimum Diploma dari universitas terkemuka dengan jurusan K3, Teknik Lingkungan, Teknik lainnya. Memiliki Sertifikasi Ahli K3 Umum; A hli Muda K3 Konstruksi, Auditor SMK3 , Intermediate Incident Investigation akan menjadi nilai tambah. Minimal 2 tahun pengalaman pekerjaan dibidang HSE System sebagi Staff (Foreman). ', 'Bandung', 9000000, 10000000, 'Contract', '2024-12-27 13:27:07.219244+07');
INSERT INTO public."JobPosts" VALUES (9, 'Network Engineer', 6, 'Design and implement network infrastructure solutions that meet the company’s business requirements. Configure and maintain network hardware and software, including routers, switches, wireless access devices, network controllers, and virtual appliances.', 'Bachelor Degree in Informatics Engineering, Telecommunication Engineering, Computer Science, Electrical Engineering, or related Engineering discipline Having Certificate CCNA Routing Switching is an advantage Having knowledge and familiar with Cisco Products & Mellanox Having minimumm 1-3 years experience in the same field Having good communication skill & good attitude', 'Purwakarta', 9000000, 9500000, 'Contract', '2024-12-27 14:21:44.611902+07');
INSERT INTO public."JobPosts" VALUES (10, 'Environment Officer', 6, 'Melaksanakan HSE talk di seluruh Proyek Kaltara sesuai dengan jadwal yang telah ditetapkan dan diikuti oleh seluruh karyawan dan mitra kerja. Melaksanakan pekerjaan sesuai standar keamanan, keselamatan, dan kesehatan (K3), standar keselamatan ketenagalistikan (K2), dan program housekeeping Mengimplementasikan program improvement yang berkesinambungan.', 'Minimal Sarjana (S1) dari universitas terkemuka dengan jurusan Teknik Lingkungan, dan Teknik Kimia. Wajib Memiliki sertifikasi yang berhubungan dengan Operational / Pengendalian pencemaran Udara Air dan Limbah B3 Wajib mengetahui Environmental System Management ', 'Kalimantan Utara', 7000000, 9000000, 'Permanent', '2024-12-30 14:22:35.278186+07');
INSERT INTO public."JobPosts" VALUES (11, 'Technical Writer  ', 5, 'Menyusun dokumentasi teknis seperti panduan instalasi, dokumen API, dan dokumen sistem. Memperbarui dan merevisi dokumentasi yang ada sesuai dengan perubahan dan standar dokumentasi terbaru. Memastikan akurasi informasi dengan melakukan pengujian pada dokumentasi yang disusun untuk memastikan bahwa informasi teknis akurat dan dapat diterapkan Mengikuti standar dokumentasi untuk memastikan kualitas dan profesionalisme dokumen.', 'Pendidikan minimal S1 dengan segala jurusan Memiliki pengalaman minimal 1 tahun sebagai technical writer Freshgraduate dengan pengalaman magang dipersilakan melamar Mampu membuat dokumentasi technical Memahamii proses SDLC', 'Bandung', 4000000, 5000000, 'Permanent', '2025-01-03 16:26:00.79649+07');
INSERT INTO public."JobPosts" VALUES (12, 'Surveyor', 5, 'Mengumpulkan data pendukung yang diperlukan dari calon debitur, Melakukan verifikasi atau pengecekan kebenaran data yang diperoleh dengan nasabah dan pihak ketiga, Menjaga hubungan dengan konsumen yang telah di survey', 'Memiliki pengalaman kerja sebagai CMO / Surveyor min. 1 tahun, Memiliki kendaraan bermotor & SIM C yang masih berlaku, Memiliki jaringan agent dan paham dg wilayah setempat', 'Surabaya', 4500000, 5000000, 'Contract', '2025-01-10 13:29:37.049591+07');
INSERT INTO public."JobPosts" VALUES (13, 'Finance Officer', 7, 'Verifikasi transaksi pengeluaran dan penerimaan uang.

• Memeriksa Laporan Harian dan rekonsiliasi rekening koran (Monthly, yang diperiksa adalah transaksi harian)
Melakukan fungsi taskforcing dalam rangka menyelesaikan masalah finance operation di cabang, Menjaga hubungan baik denga Bank, Bersama-sama team accounting & tax melakukan training & development Finance Cabang, SOP Development, Implementation, & Control to branch', 'Kandidat minimal harus memiliki gelar Sarjana strata 1
Berasal dari jurusan Finance, Accounting, Management, Tax
Diusahakan memiliki Brevet A dan B
Pengalaman Finance menjadi Nilai Tambah
Dapat bekerja sesuai dengan deadline yang ditentukan', 'Semarang', 4500000, 5000000, 'Permanent', '2025-01-17 09:44:23.187159+07');
INSERT INTO public."JobPosts" VALUES (14, 'QA Engineer', 7, 'Test Planning: Developing test plans based on project requirements and specifications
Test Case Design: Creating detailed, comprehensive, and well-structured test cases and test scripts.
Test Execution: Performing manual and automated testing to ensure the quality and functionality of software applications.
Testing system, database, web application, mobile application to verify and validate programs, functions and performance to meet specifications and requirements', 'Candidate must possess at least Bachelor''s Degree in Computer Science/Information Technology or equivalent.
Experince minimum 5 year in testing.
Previous experience as automation test engineer (Katalon Studio)
Have understanding about process flow.
Having skill to identify and evaluate rare problems and missing requirements while conducting tests.
Excellent in testing system, database, web application, mobile application and reproduce bugs.', 'Semarang', 4500000, 5000000, 'Contract', '2025-01-17 09:52:01.694194+07');
INSERT INTO public."JobPosts" VALUES (15, 'Account Manager', 7, 'Train partners on effective methods for selling and implementing Odoo solutions
Collaborate with partners to offer tailored implementation package for end customers
Qualify end customers by analyzing their business needs and recommend local qualified partners accordingly
Negotiate or facilitating negotiations with/between partners and customers
To understand how partners work, how Odoo will help them be more efficient, and how selling Odoo''s products and services can fit into their business mode', 'Min. Bachelor degree or higher
Fluent in Bahasa Indonesia and English
You are an excellent communicator, you like to negotiate and to achieve targets​
Strong knowledge in ERP, business management software and the whole tech industry
Passionate about sales', 'Semarang', 4000000, 5000000, 'Contract', '2025-01-17 09:52:14.393934+07');


--
-- TOC entry 5037 (class 0 OID 20513)
-- Dependencies: 246
-- Data for Name: NextStepsRules; Type: TABLE DATA; Schema: public; Owner: postgres
--

INSERT INTO public."NextStepsRules" VALUES (17, 13, 15, 'Action', 'Rejected');
INSERT INTO public."NextStepsRules" VALUES (16, 13, 14, 'Action', 'Offer');
INSERT INTO public."NextStepsRules" VALUES (15, 12, 13, 'Action', 'Complete');
INSERT INTO public."NextStepsRules" VALUES (14, 10, 12, 'Action', 'Confirm');
INSERT INTO public."NextStepsRules" VALUES (13, 11, 10, 'Action', 'Update');
INSERT INTO public."NextStepsRules" VALUES (12, 10, 11, 'Action', 'Modification');
INSERT INTO public."NextStepsRules" VALUES (11, 9, 10, 'Action', 'Submit');
INSERT INTO public."NextStepsRules" VALUES (10, 8, 7, 'Action', 'Update');
INSERT INTO public."NextStepsRules" VALUES (9, 7, 15, 'Action', 'Reject');
INSERT INTO public."NextStepsRules" VALUES (8, 7, 9, 'Action', 'Shortlisted');
INSERT INTO public."NextStepsRules" VALUES (7, 7, 8, 'Action', 'Request Additional Information');
INSERT INTO public."NextStepsRules" VALUES (6, 6, 7, 'Action', 'Submit');
INSERT INTO public."NextStepsRules" VALUES (5, 3, 2, 'Action', 'Update');
INSERT INTO public."NextStepsRules" VALUES (4, 2, 5, 'Action', 'Rejected');
INSERT INTO public."NextStepsRules" VALUES (3, 2, 4, 'Action', 'Approved');
INSERT INTO public."NextStepsRules" VALUES (2, 2, 3, 'Action', 'Modification');
INSERT INTO public."NextStepsRules" VALUES (1, 1, 2, 'Action', 'Submit');


--
-- TOC entry 5039 (class 0 OID 20531)
-- Dependencies: 248
-- Data for Name: Processes; Type: TABLE DATA; Schema: public; Owner: postgres
--

INSERT INTO public."Processes" VALUES (1, 1, '56c6c6b1-deef-4a2e-9f7a-b17b98ea657f', 'Job Post', 'Approved by HR Manager', 4, '2024-10-11 09:48:43.935175+07');
INSERT INTO public."Processes" VALUES (26, 2, 'abf7ef9b-4a83-4da7-82d9-34bf1ed614d3', 'Application Job', 'Rejected by HR Manager', 15, '2025-01-13 13:53:36.578522+07');
INSERT INTO public."Processes" VALUES (2, 2, '805410e7-ce18-4fd7-b457-8df40b4ac65b', 'Application Job', 'Offer by HR Manager', 14, '2024-10-11 09:53:58.35797+07');
INSERT INTO public."Processes" VALUES (3, 1, 'f08c35f6-d1fa-48b8-80d0-b91d40f4b164', 'Job Post', 'Approved by HR Manager', 4, '2024-10-11 14:57:10.759091+07');
INSERT INTO public."Processes" VALUES (27, 2, 'abf7ef9b-4a83-4da7-82d9-34bf1ed614d3', 'Application Job', 'Update by HR Manager', 10, '2025-01-13 19:33:47.668043+07');
INSERT INTO public."Processes" VALUES (13, 2, '81400489-4863-4890-b5cc-3d6c82b602e0', 'Application Job', 'Submit by HR Manager', 10, '2024-12-27 09:25:36.653036+07');
INSERT INTO public."Processes" VALUES (4, 2, '10cd5db1-39eb-48aa-8875-60bf5c5ce130', 'Application Job', 'Offer by HR Manager', 14, '2024-10-11 15:01:28.212182+07');
INSERT INTO public."Processes" VALUES (23, 2, '72717c4d-c25e-43b2-9730-262c1e1fe5d1', 'Application Job', 'Submit by HR Manager', 10, '2025-01-03 16:29:57.045801+07');
INSERT INTO public."Processes" VALUES (6, 2, 'f38e9920-bbb6-43d0-a272-11ee0849f941', 'Application Job', 'Submitted', 7, '2024-10-12 13:14:09.323177+07');
INSERT INTO public."Processes" VALUES (7, 1, '1f0e756e-9eaa-4481-b4f2-7c0f8d49aa4e', 'Job Post', 'Approved by HR Manager', 4, '2024-12-18 09:42:28.474014+07');
INSERT INTO public."Processes" VALUES (28, 1, '0b1711b9-2581-4998-8cf3-d33a7a004b84', 'Job Post', 'Approved by HR Manager', 4, '2025-01-17 09:42:57.07231+07');
INSERT INTO public."Processes" VALUES (8, 1, '1f0e756e-9eaa-4481-b4f2-7c0f8d49aa4e', 'Job Post', 'Approved by HR Manager', 4, '2024-12-19 20:31:58.624321+07');
INSERT INTO public."Processes" VALUES (9, 1, '1f0e756e-9eaa-4481-b4f2-7c0f8d49aa4e', 'Job Post', 'Approved by HR Manager', 4, '2024-12-20 13:24:02.604568+07');
INSERT INTO public."Processes" VALUES (10, 1, '56c6c6b1-deef-4a2e-9f7a-b17b98ea657f', 'Job Post', 'Approved by HR Manager', 4, '2024-12-20 13:37:32.054151+07');
INSERT INTO public."Processes" VALUES (30, 1, '0b1711b9-2581-4998-8cf3-d33a7a004b84', 'Job Post', 'Approved by HR Manager', 4, '2025-01-17 09:51:08.652091+07');
INSERT INTO public."Processes" VALUES (11, 2, '81400489-4863-4890-b5cc-3d6c82b602e0', 'Application Job', 'Shortlisted by Recruiter', 9, '2024-12-24 18:16:22.956847+07');
INSERT INTO public."Processes" VALUES (29, 1, '0b1711b9-2581-4998-8cf3-d33a7a004b84', 'Job Post', 'Approved by HR Manager', 4, '2025-01-17 09:49:35.475452+07');
INSERT INTO public."Processes" VALUES (12, 1, '24dce1a9-47af-449b-903a-73b92fe55e1d', 'Job Post', 'Approved by HR Manager', 4, '2024-12-26 20:08:02.03611+07');
INSERT INTO public."Processes" VALUES (14, 1, '48c840aa-4889-44c2-bc76-e85ae8714a63', 'Job Post', 'Approved by HR Manager', 4, '2024-12-27 13:25:14.233381+07');
INSERT INTO public."Processes" VALUES (15, 1, '48c840aa-4889-44c2-bc76-e85ae8714a63', 'Job Post', 'Pending Approval', 2, '2024-12-27 13:30:04.196675+07');
INSERT INTO public."Processes" VALUES (16, 2, '15a078fd-32d4-4b03-b520-d38a254ce585', 'Application Job', 'Submitted', 7, '2024-12-27 13:50:21.617466+07');
INSERT INTO public."Processes" VALUES (17, 1, '48c840aa-4889-44c2-bc76-e85ae8714a63', 'Job Post', 'Approved by HR Manager', 4, '2024-12-27 14:14:47.193768+07');
INSERT INTO public."Processes" VALUES (20, 1, '48c840aa-4889-44c2-bc76-e85ae8714a63', 'Job Post', 'Approved by HR Manager', 4, '2024-12-30 14:21:45.955377+07');
INSERT INTO public."Processes" VALUES (22, 1, '24dce1a9-47af-449b-903a-73b92fe55e1d', 'Job Post', 'Approved by HR Manager', 4, '2025-01-03 16:24:56.112265+07');
INSERT INTO public."Processes" VALUES (19, 2, '15a078fd-32d4-4b03-b520-d38a254ce585', 'Application Job', 'Modification by Applicant', 11, '2024-12-27 16:04:03.156428+07');
INSERT INTO public."Processes" VALUES (24, 1, '24dce1a9-47af-449b-903a-73b92fe55e1d', 'Job Post', 'Approved by HR Manager', 4, '2025-01-10 13:28:52.910945+07');
INSERT INTO public."Processes" VALUES (18, 2, 'ff510f7b-6b9f-40b5-8a4c-7cba73e57330', 'Application Job', 'Complete by HR Manager', 13, '2024-12-27 14:25:21.162601+07');
INSERT INTO public."Processes" VALUES (25, 2, '7e65f67d-7344-40d4-8c9f-69bdc3e80ad9', 'Application Job', 'Offer by HR Manager', 14, '2025-01-10 14:29:13.796854+07');
INSERT INTO public."Processes" VALUES (21, 2, 'f38e9920-bbb6-43d0-a272-11ee0849f941', 'Application Job', 'Submit by HR Manager', 10, '2024-12-30 15:02:42.568709+07');


--
-- TOC entry 5022 (class 0 OID 20384)
-- Dependencies: 231
-- Data for Name: RecruiterRegistrationRequests; Type: TABLE DATA; Schema: public; Owner: postgres
--

INSERT INTO public."RecruiterRegistrationRequests" VALUES (1, 'dayat@gmail.com', 'Raihan', 'Dayat', '1997-10-09', 'Male', '0982081083010', 'jalan apa hayo', 1, '2024-10-11 09:41:53.105361+07', '2024-10-11 09:43:18.678659+07', true);
INSERT INTO public."RecruiterRegistrationRequests" VALUES (2, 'risyadkamarullah423@gmail.com', 'Raihan', 'Dayat', '1997-10-09', 'Male', '0982081083010', 'Jl Kemenangan', 2, '2024-10-11 14:54:08.320091+07', '2024-10-11 14:55:17.734426+07', true);
INSERT INTO public."RecruiterRegistrationRequests" VALUES (3, 'risyad.kamarullah@solecode.id', 'Miaw', 'Aug', '1997-10-09', 'Male', '0982081083010', 'Jl Kemenangan', 4, '2024-12-18 09:35:36.071373+07', '2024-12-18 09:36:57.50874+07', true);
INSERT INTO public."RecruiterRegistrationRequests" VALUES (4, 'robute1@gmail.com', 'Robute', 'Gulliman', '1990-12-23', 'Female', '08226123456', 'Monte Carlo', 4, '2024-12-23 10:17:46.619753+07', '2024-12-23 12:02:55.377079+07', true);
INSERT INTO public."RecruiterRegistrationRequests" VALUES (5, 'recruitercompany1@gmail.com', 'recruiter', 'company1', '1999-12-05', 'Male', '08771739115', 'Jakarta', 1, '2024-12-23 12:21:11.639737+07', '2024-12-23 12:24:58.58187+07', true);
INSERT INTO public."RecruiterRegistrationRequests" VALUES (6, 's08623577@gmail.com', 'Recruiter', 'Sagu2', '2000-12-05', 'Female', '0877654333', 'Jakarta Barat', 4, '2024-12-23 16:20:54.105592+07', '2024-12-23 17:14:11.19284+07', true);
INSERT INTO public."RecruiterRegistrationRequests" VALUES (7, 'user3@gmail.com', 'Recruiter', 'Sagu3', '1997-12-23', 'Male', '08776543332', 'Jakarta', 4, '2024-12-23 18:00:55.372426+07', NULL, NULL);
INSERT INTO public."RecruiterRegistrationRequests" VALUES (8, 'user4@gmail.com', 'Recruiter', 'Sagu3', '2001-12-05', 'Female', '081234567', 'Jakarta', 4, '2024-12-23 18:18:17.818282+07', NULL, NULL);
INSERT INTO public."RecruiterRegistrationRequests" VALUES (9, 'gopapruhaxo-1667@yopmail.com', 'Recruiter', 'Ada1', '1999-01-03', 'Female', '0897645474', 'Kalimantan Utara', 5, '2024-12-26 20:01:15.184645+07', '2024-12-26 20:01:43.549463+07', true);
INSERT INTO public."RecruiterRegistrationRequests" VALUES (10, 'kunnossakoubra-5606@yopmail.com', 'Recruiter', 'CompanyNew1', '1990-12-27', 'Female', '089278278', 'Bandung', 6, '2024-12-27 13:23:08.8806+07', '2024-12-27 13:23:47.249793+07', true);
INSERT INTO public."RecruiterRegistrationRequests" VALUES (11, 'sannajegapu-9866@yopmail.com', 'Recruiter', 'Capital1', '2001-01-02', 'Male', '0812345678', 'Jl. Semarang, Semarang', 7, '2025-01-17 09:38:10.974322+07', '2025-01-17 09:38:35.200857+07', true);


--
-- TOC entry 5033 (class 0 OID 20487)
-- Dependencies: 242
-- Data for Name: RoleChangeRequests; Type: TABLE DATA; Schema: public; Owner: postgres
--

INSERT INTO public."RoleChangeRequests" VALUES (1, '4ee2ba28-9474-438d-aa00-b3b1c9d0a196', 'Recruiter', 'HR Manager', NULL);


--
-- TOC entry 5035 (class 0 OID 20500)
-- Dependencies: 244
-- Data for Name: SupportingDocuments; Type: TABLE DATA; Schema: public; Owner: postgres
--

INSERT INTO public."SupportingDocuments" VALUES (1, '805410e7-ce18-4fd7-b457-8df40b4ac65b', 'RecruitmentFunnelReport.pdf', 'C:\Users\Risyad Kamarullah\source\repos\Asri-ATS-v2\AsriATS\Presentation\AsriATS.WebAPI\uploads\7236261b-83e7-4d7c-bdec-f3f34f8cd7b1_RecruitmentFunnelReport.pdf', '2024-10-11 09:51:53.749947+07');
INSERT INTO public."SupportingDocuments" VALUES (2, '805410e7-ce18-4fd7-b457-8df40b4ac65b', 'fe7397b6-49bb-46a2-be90-51c68a1bd440_ComplianceReport.pdf', 'C:\Users\Risyad Kamarullah\source\repos\Asri-ATS-v2\AsriATS\Presentation\AsriATS.WebAPI\uploads\fe7397b6-49bb-46a2-be90-51c68a1bd440_ComplianceReport.pdf', '2024-10-11 09:53:58.377453+07');
INSERT INTO public."SupportingDocuments" VALUES (3, '10cd5db1-39eb-48aa-8875-60bf5c5ce130', 'RecruitmentFunnelReport.pdf', 'C:\Users\Risyad Kamarullah\source\repos\Asri-ATS-v2\AsriATS\Presentation\AsriATS.WebAPI\uploads\ed302586-df87-4f2f-9585-726c542d7c9e_RecruitmentFunnelReport.pdf', '2024-10-11 15:00:47.164408+07');
INSERT INTO public."SupportingDocuments" VALUES (4, '10cd5db1-39eb-48aa-8875-60bf5c5ce130', '1eada875-f2d1-4381-92f2-f8949920ee02_ComplianceReport.pdf', 'C:\Users\Risyad Kamarullah\source\repos\Asri-ATS-v2\AsriATS\Presentation\AsriATS.WebAPI\uploads\1eada875-f2d1-4381-92f2-f8949920ee02_ComplianceReport.pdf', '2024-10-11 15:01:28.223893+07');
INSERT INTO public."SupportingDocuments" VALUES (5, 'f38e9920-bbb6-43d0-a272-11ee0849f941', 'RecruitmentFunnelReport.pdf', 'C:\Users\Risyad Kamarullah\source\repos\Asri-ATS-v2\AsriATS\Presentation\AsriATS.WebAPI\uploads\f38e9920-bbb6-43d0-a272-11ee0849f941\25763b4a-8408-4747-8f98-627a90d113a5_RecruitmentFunnelReport.pdf', '2024-10-12 13:13:23.975998+07');
INSERT INTO public."SupportingDocuments" VALUES (6, 'f38e9920-bbb6-43d0-a272-11ee0849f941', '36067d82-a259-4408-9675-838e9c969b97_ComplianceReport.pdf', 'C:\Users\Risyad Kamarullah\source\repos\Asri-ATS-v2\AsriATS\Presentation\AsriATS.WebAPI\uploads\f38e9920-bbb6-43d0-a272-11ee0849f941\36067d82-a259-4408-9675-838e9c969b97_ComplianceReport.pdf', '2024-10-12 13:14:09.399445+07');
INSERT INTO public."SupportingDocuments" VALUES (7, 'f38e9920-bbb6-43d0-a272-11ee0849f941', 'dcf4ff13-ed8e-4de8-9b18-b3624a0326d5_RecruitmentFunnelReport.pdf', 'C:\Users\Risyad Kamarullah\source\repos\Asri-ATS-v2\AsriATS\Presentation\AsriATS.WebAPI\uploads\f38e9920-bbb6-43d0-a272-11ee0849f941\dcf4ff13-ed8e-4de8-9b18-b3624a0326d5_RecruitmentFunnelReport.pdf', '2024-10-12 13:14:09.406586+07');
INSERT INTO public."SupportingDocuments" VALUES (8, 'abf7ef9b-4a83-4da7-82d9-34bf1ed614d3', 'RecruitmentFunnelReport.pdf', 'C:\Users\Risyad Kamarullah\source\repos\Asri-ATS-v2\AsriATS\Presentation\AsriATS.WebAPI\uploads\abf7ef9b-4a83-4da7-82d9-34bf1ed614d3\fa13901b-b562-4096-8681-0ef7d77e80a7_RecruitmentFunnelReport.pdf', '2024-10-14 18:47:14.219196+07');
INSERT INTO public."SupportingDocuments" VALUES (10, '81400489-4863-4890-b5cc-3d6c82b602e0', 'Employee_Report_IT (1).pdf', 'C:\Users\Risyad Kamarullah\source\repos\Asri-ATS-v2\AsriATS\Presentation\AsriATS.WebAPI\uploads\81400489-4863-4890-b5cc-3d6c82b602e0\614e9830-b225-4d9d-803e-6632387bf7ae_Employee_Report_IT (1).pdf', '2024-12-20 15:14:04.649309+07');
INSERT INTO public."SupportingDocuments" VALUES (12, '81400489-4863-4890-b5cc-3d6c82b602e0', '3662e85d-2c16-4010-8b31-fc1aebd48e19_LeaveReport (1).pdf', 'C:\Users\Risyad Kamarullah\source\repos\Asri-ATS-v2\AsriATS\Presentation\AsriATS.WebAPI\uploads\81400489-4863-4890-b5cc-3d6c82b602e0\3662e85d-2c16-4010-8b31-fc1aebd48e19_LeaveReport (1).pdf', '2024-12-24 18:16:41.60668+07');
INSERT INTO public."SupportingDocuments" VALUES (13, '81400489-4863-4890-b5cc-3d6c82b602e0', '7153c4db-1623-47f2-ac16-55b3f3e8e1cd_UserReport.pdf', 'C:\Users\Risyad Kamarullah\source\repos\Asri-ATS-v2\AsriATS\Presentation\AsriATS.WebAPI\uploads\81400489-4863-4890-b5cc-3d6c82b602e0\7153c4db-1623-47f2-ac16-55b3f3e8e1cd_UserReport.pdf', '2024-12-27 09:25:36.732775+07');
INSERT INTO public."SupportingDocuments" VALUES (14, '15a078fd-32d4-4b03-b520-d38a254ce585', 'Project_Report.pdf', 'C:\Users\Risyad Kamarullah\source\repos\Asri-ATS-v2\AsriATS\Presentation\AsriATS.WebAPI\uploads\15a078fd-32d4-4b03-b520-d38a254ce585\2cbfc6aa-3f38-4ef0-bd24-a2a17b203d4e_Project_Report.pdf', '2024-12-27 13:41:52.025209+07');
INSERT INTO public."SupportingDocuments" VALUES (15, 'ff510f7b-6b9f-40b5-8a4c-7cba73e57330', 'Employee_Report_IT (3).pdf', 'C:\Users\Risyad Kamarullah\source\repos\Asri-ATS-v2\AsriATS\Presentation\AsriATS.WebAPI\uploads\ff510f7b-6b9f-40b5-8a4c-7cba73e57330\24a19554-c397-4643-8e9e-2173963ac4f5_Employee_Report_IT (3).pdf', '2024-12-27 14:23:00.712812+07');
INSERT INTO public."SupportingDocuments" VALUES (16, 'ff510f7b-6b9f-40b5-8a4c-7cba73e57330', 'e60420bb-489e-43bc-910e-354e622698fa_UserReport.pdf', 'C:\Users\Risyad Kamarullah\source\repos\Asri-ATS-v2\AsriATS\Presentation\AsriATS.WebAPI\uploads\e60420bb-489e-43bc-910e-354e622698fa_UserReport.pdf', '2025-01-02 10:32:59.565988+07');
INSERT INTO public."SupportingDocuments" VALUES (17, '72717c4d-c25e-43b2-9730-262c1e1fe5d1', '4cb9e074-a0e8-49a9-9bfd-bdb223c806ba_UserReport.pdf', 'C:\Users\Risyad Kamarullah\source\repos\Asri-ATS-v2\AsriATS\Presentation\AsriATS.WebAPI\uploads\72717c4d-c25e-43b2-9730-262c1e1fe5d1\4cb9e074-a0e8-49a9-9bfd-bdb223c806ba_UserReport.pdf', '2025-01-03 16:26:57.937053+07');
INSERT INTO public."SupportingDocuments" VALUES (18, '7e65f67d-7344-40d4-8c9f-69bdc3e80ad9', '7e3992f9-6631-4dd7-92c4-b860412615ff_UserReport.pdf', 'C:\Users\Risyad Kamarullah\source\repos\Asri-ATS-v2\AsriATS\Presentation\AsriATS.WebAPI\uploads\7e65f67d-7344-40d4-8c9f-69bdc3e80ad9\7e3992f9-6631-4dd7-92c4-b860412615ff_UserReport.pdf', '2025-01-10 14:28:06.051838+07');
INSERT INTO public."SupportingDocuments" VALUES (19, '7e65f67d-7344-40d4-8c9f-69bdc3e80ad9', '63f9c335-677c-44f4-afa8-1c91a187bdd9_Project_Report.pdf', 'C:\Users\Risyad Kamarullah\source\repos\Asri-ATS-v2\AsriATS\Presentation\AsriATS.WebAPI\uploads\7e65f67d-7344-40d4-8c9f-69bdc3e80ad9\63f9c335-677c-44f4-afa8-1c91a187bdd9_Project_Report.pdf', '2025-01-10 14:29:13.84911+07');
INSERT INTO public."SupportingDocuments" VALUES (20, 'abf7ef9b-4a83-4da7-82d9-34bf1ed614d3', 'dd879ca7-f28e-4515-8475-745ff1f3234d_EmployeeReport (2).pdf', 'C:\Users\Risyad Kamarullah\source\repos\Asri-ATS-v2\AsriATS\Presentation\AsriATS.WebAPI\uploads\abf7ef9b-4a83-4da7-82d9-34bf1ed614d3\dd879ca7-f28e-4515-8475-745ff1f3234d_EmployeeReport (2).pdf', '2025-01-13 13:53:36.685773+07');


--
-- TOC entry 5045 (class 0 OID 20595)
-- Dependencies: 254
-- Data for Name: WorkflowActions; Type: TABLE DATA; Schema: public; Owner: postgres
--

INSERT INTO public."WorkflowActions" VALUES (1, 1, 1, '56c6c6b1-deef-4a2e-9f7a-b17b98ea657f', 'Submit', '2024-10-11 09:48:44.032309+07', 'Job Post For Required position');
INSERT INTO public."WorkflowActions" VALUES (2, 1, 2, '50b943e6-fc54-4f4c-83be-4450a4cf2485', 'Approved', '2024-10-11 09:49:09.736902+07', 'Your Job request already added in job post');
INSERT INTO public."WorkflowActions" VALUES (3, 2, 6, '805410e7-ce18-4fd7-b457-8df40b4ac65b', 'Submitted', '2024-10-11 09:53:58.453239+07', 'Submitted job application');
INSERT INTO public."WorkflowActions" VALUES (4, 2, 7, '56c6c6b1-deef-4a2e-9f7a-b17b98ea657f', 'Shortlisted', '2024-10-11 09:56:10.634692+07', 'You''re qualified');
INSERT INTO public."WorkflowActions" VALUES (5, 2, 9, '50b943e6-fc54-4f4c-83be-4450a4cf2485', 'Submit', '2024-10-11 09:57:10.878133+07', 'Potential candidate');
INSERT INTO public."WorkflowActions" VALUES (6, 2, 10, '805410e7-ce18-4fd7-b457-8df40b4ac65b', 'Confirm', '2024-10-11 09:57:58.936291+07', '');
INSERT INTO public."WorkflowActions" VALUES (7, 2, 12, '50b943e6-fc54-4f4c-83be-4450a4cf2485', 'Complete', '2024-10-11 09:58:36.305878+07', 'interview is done');
INSERT INTO public."WorkflowActions" VALUES (8, 2, 13, '50b943e6-fc54-4f4c-83be-4450a4cf2485', 'Offer', '2024-10-11 10:00:05.90997+07', '');
INSERT INTO public."WorkflowActions" VALUES (9, 3, 1, 'f08c35f6-d1fa-48b8-80d0-b91d40f4b164', 'Submit', '2024-10-11 14:57:10.825964+07', 'Job Post For Required position');
INSERT INTO public."WorkflowActions" VALUES (10, 3, 2, '3ad58146-f887-4a27-88e4-4b9f606a88cd', 'Approved', '2024-10-11 14:58:21.366206+07', 'Your Job request already added in job post');
INSERT INTO public."WorkflowActions" VALUES (11, 4, 6, '10cd5db1-39eb-48aa-8875-60bf5c5ce130', 'Submitted', '2024-10-11 15:01:28.277538+07', 'Submitted job application');
INSERT INTO public."WorkflowActions" VALUES (12, 4, 7, 'f08c35f6-d1fa-48b8-80d0-b91d40f4b164', 'Shortlisted', '2024-10-11 15:03:09.707754+07', 'You''re qualified');
INSERT INTO public."WorkflowActions" VALUES (13, 4, 9, '3ad58146-f887-4a27-88e4-4b9f606a88cd', 'Submit', '2024-10-11 15:05:34.353322+07', 'Potential candidate');
INSERT INTO public."WorkflowActions" VALUES (14, 4, 10, '10cd5db1-39eb-48aa-8875-60bf5c5ce130', 'Confirm', '2024-10-11 15:07:36.636262+07', 'I can attend interview');
INSERT INTO public."WorkflowActions" VALUES (15, 4, 12, '3ad58146-f887-4a27-88e4-4b9f606a88cd', 'Complete', '2024-10-11 15:09:10.501947+07', 'interview is done');
INSERT INTO public."WorkflowActions" VALUES (16, 4, 13, '3ad58146-f887-4a27-88e4-4b9f606a88cd', 'Offer', '2024-10-11 15:09:42.930827+07', '');
INSERT INTO public."WorkflowActions" VALUES (17, 6, 6, 'f38e9920-bbb6-43d0-a272-11ee0849f941', 'Submitted', '2024-10-12 13:14:09.523795+07', 'Submitted job application');
INSERT INTO public."WorkflowActions" VALUES (18, 7, 1, '1f0e756e-9eaa-4481-b4f2-7c0f8d49aa4e', 'Submit', '2024-12-18 09:42:28.567022+07', 'Job Post For Required position');
INSERT INTO public."WorkflowActions" VALUES (19, 7, 2, '01c185de-1cb2-4016-9b54-cbab6c6da88d', 'Approved', '2024-12-18 09:44:39.458233+07', 'Your Job request already added in job post');
INSERT INTO public."WorkflowActions" VALUES (20, 8, 1, '1f0e756e-9eaa-4481-b4f2-7c0f8d49aa4e', 'Submit', '2024-12-19 20:31:58.77816+07', 'Job Post For Required position');
INSERT INTO public."WorkflowActions" VALUES (21, 8, 2, '01c185de-1cb2-4016-9b54-cbab6c6da88d', 'Approved', '2024-12-19 20:38:53.596312+07', 'Your Job request already added in job post');
INSERT INTO public."WorkflowActions" VALUES (22, 9, 1, '1f0e756e-9eaa-4481-b4f2-7c0f8d49aa4e', 'Submit', '2024-12-20 13:24:02.715924+07', 'Job Post For Required position');
INSERT INTO public."WorkflowActions" VALUES (23, 9, 2, '01c185de-1cb2-4016-9b54-cbab6c6da88d', 'Approved', '2024-12-20 13:24:36.411885+07', 'Your Job request already added in job post');
INSERT INTO public."WorkflowActions" VALUES (24, 10, 1, '56c6c6b1-deef-4a2e-9f7a-b17b98ea657f', 'Submit', '2024-12-20 13:37:32.061249+07', 'Job Post For Required position');
INSERT INTO public."WorkflowActions" VALUES (25, 10, 2, '50b943e6-fc54-4f4c-83be-4450a4cf2485', 'Approved', '2024-12-20 13:38:07.125038+07', 'Your Job request already added in job post');
INSERT INTO public."WorkflowActions" VALUES (26, 11, 6, '81400489-4863-4890-b5cc-3d6c82b602e0', 'Submitted', '2024-12-24 18:16:44.844329+07', 'Submitted job application');
INSERT INTO public."WorkflowActions" VALUES (27, 11, 7, '4ee2ba28-9474-438d-aa00-b3b1c9d0a196', 'Shortlisted', '2024-12-25 11:27:41.165944+07', 'You''re qualified');
INSERT INTO public."WorkflowActions" VALUES (28, 12, 1, '24dce1a9-47af-449b-903a-73b92fe55e1d', 'Submit', '2024-12-26 20:08:02.088399+07', 'A new job Post');
INSERT INTO public."WorkflowActions" VALUES (29, 12, 2, 'b8e2a7bb-e87a-437c-a352-773a613c59cb', 'Modification', '2024-12-26 20:09:29.455928+07', 'You job post need more higher in salary');
INSERT INTO public."WorkflowActions" VALUES (30, 13, 6, '81400489-4863-4890-b5cc-3d6c82b602e0', 'Submitted', '2024-12-27 09:25:36.822586+07', 'Submitted job application');
INSERT INTO public."WorkflowActions" VALUES (31, 13, 7, '0d4818d5-637b-459d-be0c-8cf1ab47e86f', 'Shortlisted', '2024-12-27 09:31:08.362922+07', 'you''re qualified');
INSERT INTO public."WorkflowActions" VALUES (32, 12, 3, '24dce1a9-47af-449b-903a-73b92fe55e1d', 'Update', '2024-12-27 09:44:03.389055+07', 'A new job Post');
INSERT INTO public."WorkflowActions" VALUES (33, 12, 2, 'b8e2a7bb-e87a-437c-a352-773a613c59cb', 'Approved', '2024-12-27 09:45:46.033893+07', 'Mantap lur');
INSERT INTO public."WorkflowActions" VALUES (34, 14, 1, '48c840aa-4889-44c2-bc76-e85ae8714a63', 'Submit', '2024-12-27 13:25:14.320229+07', 'A new job Post');
INSERT INTO public."WorkflowActions" VALUES (35, 14, 2, '6ce72f93-a609-457b-921b-9c5306d52e5b', 'Approved', '2024-12-27 13:27:07.189417+07', 'A Job Post request');
INSERT INTO public."WorkflowActions" VALUES (36, 15, 1, '48c840aa-4889-44c2-bc76-e85ae8714a63', 'Submit', '2024-12-27 13:30:04.210904+07', 'A new job Post');
INSERT INTO public."WorkflowActions" VALUES (37, 16, 6, '15a078fd-32d4-4b03-b520-d38a254ce585', 'Submitted', '2024-12-27 13:50:21.710391+07', 'Submitted job application');
INSERT INTO public."WorkflowActions" VALUES (38, 17, 1, '48c840aa-4889-44c2-bc76-e85ae8714a63', 'Submit', '2024-12-27 14:14:47.20264+07', 'A new job Post');
INSERT INTO public."WorkflowActions" VALUES (39, 17, 2, '6ce72f93-a609-457b-921b-9c5306d52e5b', 'Approved', '2024-12-27 14:21:44.595015+07', 'Your job post has been added');
INSERT INTO public."WorkflowActions" VALUES (40, 18, 6, 'ff510f7b-6b9f-40b5-8a4c-7cba73e57330', 'Submitted', '2024-12-27 14:25:21.184328+07', 'Submitted job application');
INSERT INTO public."WorkflowActions" VALUES (41, 18, 7, '48c840aa-4889-44c2-bc76-e85ae8714a63', 'Request Additional Information', '2024-12-27 14:26:47.51474+07', 'I need your certification file');
INSERT INTO public."WorkflowActions" VALUES (42, 19, 6, '15a078fd-32d4-4b03-b520-d38a254ce585', 'Submitted', '2024-12-27 16:04:03.272677+07', 'Submitted job application');
INSERT INTO public."WorkflowActions" VALUES (43, 19, 7, '48c840aa-4889-44c2-bc76-e85ae8714a63', 'Shortlisted', '2024-12-27 16:05:14.520558+07', 'you''re qualified to next stage');
INSERT INTO public."WorkflowActions" VALUES (44, 20, 1, '48c840aa-4889-44c2-bc76-e85ae8714a63', 'Submit', '2024-12-30 14:21:46.074421+07', 'A new job Post');
INSERT INTO public."WorkflowActions" VALUES (45, 20, 2, '6ce72f93-a609-457b-921b-9c5306d52e5b', 'Approved', '2024-12-30 14:22:35.24898+07', 'ok job post added');
INSERT INTO public."WorkflowActions" VALUES (46, 21, 6, 'f38e9920-bbb6-43d0-a272-11ee0849f941', 'Submitted', '2024-12-30 15:02:42.664878+07', 'Submitted job application');
INSERT INTO public."WorkflowActions" VALUES (47, 18, 8, 'ff510f7b-6b9f-40b5-8a4c-7cba73e57330', 'Update', '2025-01-02 10:32:59.842566+07', 'update');
INSERT INTO public."WorkflowActions" VALUES (48, 18, 7, '48c840aa-4889-44c2-bc76-e85ae8714a63', 'Shortlisted', '2025-01-02 10:51:31.202027+07', 'Ok you''re qualified');
INSERT INTO public."WorkflowActions" VALUES (49, 22, 1, '24dce1a9-47af-449b-903a-73b92fe55e1d', 'Submit', '2025-01-03 16:24:56.174358+07', 'A new job post');
INSERT INTO public."WorkflowActions" VALUES (50, 22, 2, 'b8e2a7bb-e87a-437c-a352-773a613c59cb', 'Approved', '2025-01-03 16:26:00.776621+07', 'job post added');
INSERT INTO public."WorkflowActions" VALUES (51, 23, 6, '72717c4d-c25e-43b2-9730-262c1e1fe5d1', 'Submitted', '2025-01-03 16:29:57.099098+07', 'Submitted job application');
INSERT INTO public."WorkflowActions" VALUES (52, 23, 7, '24dce1a9-47af-449b-903a-73b92fe55e1d', 'Shortlisted', '2025-01-06 15:12:05.639544+07', 'ok');
INSERT INTO public."WorkflowActions" VALUES (53, 23, 9, 'b8e2a7bb-e87a-437c-a352-773a613c59cb', 'Submit', '2025-01-07 10:17:13.571441+07', 'Ok ');
INSERT INTO public."WorkflowActions" VALUES (54, 23, 10, '72717c4d-c25e-43b2-9730-262c1e1fe5d1', 'Confirm', '2025-01-07 10:24:09.560187+07', 'ok');
INSERT INTO public."WorkflowActions" VALUES (55, 23, 12, 'b8e2a7bb-e87a-437c-a352-773a613c59cb', 'Complete', '2025-01-08 11:18:05.462223+07', 'oke');
INSERT INTO public."WorkflowActions" VALUES (56, 18, 9, '6ce72f93-a609-457b-921b-9c5306d52e5b', 'Submit', '2025-01-08 11:54:01.193043+07', 'ok you interview has been scheduling');
INSERT INTO public."WorkflowActions" VALUES (57, 18, 10, 'ff510f7b-6b9f-40b5-8a4c-7cba73e57330', 'Confirm', '2025-01-08 11:54:53.748893+07', 'i will attend the interview');
INSERT INTO public."WorkflowActions" VALUES (58, 19, 9, '6ce72f93-a609-457b-921b-9c5306d52e5b', 'Submit', '2025-01-08 11:59:00.06399+07', 'ok');
INSERT INTO public."WorkflowActions" VALUES (59, 19, 10, '15a078fd-32d4-4b03-b520-d38a254ce585', 'Modification', '2025-01-08 12:00:41.365664+07', 'maybe you could change the time to the 1 PM');
INSERT INTO public."WorkflowActions" VALUES (60, 24, 1, '24dce1a9-47af-449b-903a-73b92fe55e1d', 'Submit', '2025-01-10 13:28:53.00145+07', 'A new job Post');
INSERT INTO public."WorkflowActions" VALUES (61, 24, 2, 'b8e2a7bb-e87a-437c-a352-773a613c59cb', 'Approved', '2025-01-10 13:29:37.022599+07', 'ok approved');
INSERT INTO public."WorkflowActions" VALUES (62, 18, 12, '6ce72f93-a609-457b-921b-9c5306d52e5b', 'Complete', '2025-01-10 13:45:06.535264+07', 'ok');
INSERT INTO public."WorkflowActions" VALUES (63, 25, 6, '7e65f67d-7344-40d4-8c9f-69bdc3e80ad9', 'Submitted', '2025-01-10 14:29:13.921624+07', 'Submitted job application');
INSERT INTO public."WorkflowActions" VALUES (64, 25, 7, '24dce1a9-47af-449b-903a-73b92fe55e1d', 'Shortlisted', '2025-01-10 14:30:13.44721+07', 'ok');
INSERT INTO public."WorkflowActions" VALUES (65, 25, 9, 'b8e2a7bb-e87a-437c-a352-773a613c59cb', 'Submit', '2025-01-10 14:34:29.549239+07', 'Zoom meet link will be added to your gmail');
INSERT INTO public."WorkflowActions" VALUES (66, 25, 10, '7e65f67d-7344-40d4-8c9f-69bdc3e80ad9', 'Confirm', '2025-01-10 14:37:26.333748+07', 'Ok i confirm');
INSERT INTO public."WorkflowActions" VALUES (67, 25, 12, 'b8e2a7bb-e87a-437c-a352-773a613c59cb', 'Complete', '2025-01-10 14:39:36.39687+07', 'ok');
INSERT INTO public."WorkflowActions" VALUES (68, 25, 13, 'b8e2a7bb-e87a-437c-a352-773a613c59cb', 'Offer', '2025-01-10 14:40:06.948753+07', 'ok');
INSERT INTO public."WorkflowActions" VALUES (69, 21, 7, '48c840aa-4889-44c2-bc76-e85ae8714a63', 'Shortlisted', '2025-01-11 21:46:51.443354+07', 'ok');
INSERT INTO public."WorkflowActions" VALUES (70, 21, 9, '6ce72f93-a609-457b-921b-9c5306d52e5b', 'Submit', '2025-01-11 21:48:33.902056+07', 'The link is below https:zoom//ssaasa');
INSERT INTO public."WorkflowActions" VALUES (71, 26, 6, 'abf7ef9b-4a83-4da7-82d9-34bf1ed614d3', 'Submitted', '2025-01-13 13:53:36.771456+07', 'Submitted job application');
INSERT INTO public."WorkflowActions" VALUES (72, 26, 7, '48c840aa-4889-44c2-bc76-e85ae8714a63', 'Shortlisted', '2025-01-13 13:54:55.817979+07', 'ok');
INSERT INTO public."WorkflowActions" VALUES (73, 26, 9, '6ce72f93-a609-457b-921b-9c5306d52e5b', 'Submit', '2025-01-13 13:57:15.399318+07', 'link will be provided via email');
INSERT INTO public."WorkflowActions" VALUES (74, 26, 10, 'abf7ef9b-4a83-4da7-82d9-34bf1ed614d3', 'Modification', '2025-01-13 13:58:37.899534+07', 'i need reschedule to 3');
INSERT INTO public."WorkflowActions" VALUES (75, 26, 11, '6ce72f93-a609-457b-921b-9c5306d52e5b', 'Update', '2025-01-13 14:00:59.755785+07', 'ok');
INSERT INTO public."WorkflowActions" VALUES (76, 26, 10, 'abf7ef9b-4a83-4da7-82d9-34bf1ed614d3', 'Confirm', '2025-01-13 14:01:47.242345+07', 'oke ngab');
INSERT INTO public."WorkflowActions" VALUES (77, 26, 12, '6ce72f93-a609-457b-921b-9c5306d52e5b', 'Complete', '2025-01-13 14:03:06.279752+07', 'ok');
INSERT INTO public."WorkflowActions" VALUES (78, 26, 13, '6ce72f93-a609-457b-921b-9c5306d52e5b', 'Rejected', '2025-01-13 14:16:00.393664+07', 'ok');
INSERT INTO public."WorkflowActions" VALUES (79, 27, 6, 'abf7ef9b-4a83-4da7-82d9-34bf1ed614d3', 'Submitted', '2025-01-13 19:33:47.783927+07', 'Submitted job application');
INSERT INTO public."WorkflowActions" VALUES (80, 27, 7, '24dce1a9-47af-449b-903a-73b92fe55e1d', 'Shortlisted', '2025-01-14 09:24:00.812377+07', 'ok');
INSERT INTO public."WorkflowActions" VALUES (81, 27, 9, 'b8e2a7bb-e87a-437c-a352-773a613c59cb', 'Submit', '2025-01-14 09:26:13.644192+07', 'the link will be httpsuheoalohdoa');
INSERT INTO public."WorkflowActions" VALUES (82, 27, 10, 'abf7ef9b-4a83-4da7-82d9-34bf1ed614d3', 'Modification', '2025-01-14 09:29:04.005298+07', 'can you update the day to tommorow');
INSERT INTO public."WorkflowActions" VALUES (83, 27, 11, 'b8e2a7bb-e87a-437c-a352-773a613c59cb', 'Update', '2025-01-14 09:29:49.873028+07', 'ok rescheduled');
INSERT INTO public."WorkflowActions" VALUES (84, 13, 9, '50b943e6-fc54-4f4c-83be-4450a4cf2485', 'Submit', '2025-01-14 09:34:12.45003+07', 'ok');
INSERT INTO public."WorkflowActions" VALUES (85, 23, 9, 'b8e2a7bb-e87a-437c-a352-773a613c59cb', 'Submit', '2025-01-14 11:41:22.558953+07', 'ishdak,');
INSERT INTO public."WorkflowActions" VALUES (86, 23, 9, 'b8e2a7bb-e87a-437c-a352-773a613c59cb', 'Submit', '2025-01-14 11:43:05.508453+07', 'aadad');
INSERT INTO public."WorkflowActions" VALUES (87, 28, 1, '0b1711b9-2581-4998-8cf3-d33a7a004b84', 'Submit', '2025-01-17 09:42:57.139914+07', 'A new job Post');
INSERT INTO public."WorkflowActions" VALUES (88, 28, 2, '7f60e6de-ac1c-457c-8e5b-57217e1ff9b3', 'Approved', '2025-01-17 09:44:23.160264+07', 'ok');
INSERT INTO public."WorkflowActions" VALUES (89, 29, 1, '0b1711b9-2581-4998-8cf3-d33a7a004b84', 'Submit', '2025-01-17 09:49:35.485171+07', 'A new job Post');
INSERT INTO public."WorkflowActions" VALUES (90, 30, 1, '0b1711b9-2581-4998-8cf3-d33a7a004b84', 'Submit', '2025-01-17 09:51:08.662947+07', 'A new job Post');
INSERT INTO public."WorkflowActions" VALUES (91, 30, 2, '7f60e6de-ac1c-457c-8e5b-57217e1ff9b3', 'Approved', '2025-01-17 09:52:01.676815+07', 'ok');
INSERT INTO public."WorkflowActions" VALUES (92, 29, 2, '7f60e6de-ac1c-457c-8e5b-57217e1ff9b3', 'Approved', '2025-01-17 09:52:14.377894+07', 'ok');


--
-- TOC entry 5024 (class 0 OID 20397)
-- Dependencies: 233
-- Data for Name: WorkflowSequences; Type: TABLE DATA; Schema: public; Owner: postgres
--

INSERT INTO public."WorkflowSequences" VALUES (15, 2, 15, 'Applicant Rejected', NULL);
INSERT INTO public."WorkflowSequences" VALUES (14, 2, 14, 'Job Offering', NULL);
INSERT INTO public."WorkflowSequences" VALUES (13, 2, 13, 'HR Manager Review Interview Result', '52c1da55-09fd-493a-95a6-5b99d26b5aeb');
INSERT INTO public."WorkflowSequences" VALUES (12, 2, 12, 'Interview Process', '52c1da55-09fd-493a-95a6-5b99d26b5aeb');
INSERT INTO public."WorkflowSequences" VALUES (10, 2, 10, 'Applicant Reviews Interview Schedule', '776924b6-3265-4818-8b71-99b808824f51');
INSERT INTO public."WorkflowSequences" VALUES (9, 2, 9, 'HR Manager Set Interview Schedule', '52c1da55-09fd-493a-95a6-5b99d26b5aeb');
INSERT INTO public."WorkflowSequences" VALUES (8, 2, 8, 'Request Additional Information', '776924b6-3265-4818-8b71-99b808824f51');
INSERT INTO public."WorkflowSequences" VALUES (7, 2, 7, 'Recruiter Review Application Job Request', '5e70a244-13fd-4612-9f9b-11d5b5daaffd');
INSERT INTO public."WorkflowSequences" VALUES (6, 2, 6, 'Submit Application Job', '776924b6-3265-4818-8b71-99b808824f51');
INSERT INTO public."WorkflowSequences" VALUES (5, 1, 5, 'Rejected Request', NULL);
INSERT INTO public."WorkflowSequences" VALUES (4, 1, 4, 'Approved Request', NULL);
INSERT INTO public."WorkflowSequences" VALUES (3, 1, 3, 'Modification', '5e70a244-13fd-4612-9f9b-11d5b5daaffd');
INSERT INTO public."WorkflowSequences" VALUES (2, 1, 2, 'HR Manager Review Job Post Request', '52c1da55-09fd-493a-95a6-5b99d26b5aeb');
INSERT INTO public."WorkflowSequences" VALUES (1, 1, 1, 'Submit Job Post Request', '5e70a244-13fd-4612-9f9b-11d5b5daaffd');
INSERT INTO public."WorkflowSequences" VALUES (11, 2, 11, 'HR Manager Updates Interview Schedule', '52c1da55-09fd-493a-95a6-5b99d26b5aeb');


--
-- TOC entry 5013 (class 0 OID 20325)
-- Dependencies: 222
-- Data for Name: Workflows; Type: TABLE DATA; Schema: public; Owner: postgres
--

INSERT INTO public."Workflows" VALUES (2, 'Application Job Request', 'Workflow for Application Job Request');
INSERT INTO public."Workflows" VALUES (1, 'Job Post Request', 'Workflow for Job Post Request');


--
-- TOC entry 5006 (class 0 OID 20296)
-- Dependencies: 215
-- Data for Name: __EFMigrationsHistory; Type: TABLE DATA; Schema: public; Owner: postgres
--

INSERT INTO public."__EFMigrationsHistory" VALUES ('20241010125805_addtabletodb', '8.0.8');
INSERT INTO public."__EFMigrationsHistory" VALUES ('20250112123046_updatetable2', '8.0.10');


--
-- TOC entry 5054 (class 0 OID 0)
-- Dependencies: 249
-- Name: ApplicationJobs_ApplicationJobId_seq; Type: SEQUENCE SET; Schema: public; Owner: postgres
--

SELECT pg_catalog.setval('public."ApplicationJobs_ApplicationJobId_seq"', 13, true);


--
-- TOC entry 5055 (class 0 OID 0)
-- Dependencies: 223
-- Name: AspNetRoleClaims_Id_seq; Type: SEQUENCE SET; Schema: public; Owner: postgres
--

SELECT pg_catalog.setval('public."AspNetRoleClaims_Id_seq"', 1, false);


--
-- TOC entry 5056 (class 0 OID 0)
-- Dependencies: 234
-- Name: AspNetUserClaims_Id_seq; Type: SEQUENCE SET; Schema: public; Owner: postgres
--

SELECT pg_catalog.setval('public."AspNetUserClaims_Id_seq"', 1, false);


--
-- TOC entry 5057 (class 0 OID 0)
-- Dependencies: 217
-- Name: Companies_CompanyId_seq; Type: SEQUENCE SET; Schema: public; Owner: postgres
--

SELECT pg_catalog.setval('public."Companies_CompanyId_seq"', 7, true);


--
-- TOC entry 5058 (class 0 OID 0)
-- Dependencies: 219
-- Name: CompanyRequests_CompanyRequestId_seq; Type: SEQUENCE SET; Schema: public; Owner: postgres
--

SELECT pg_catalog.setval('public."CompanyRequests_CompanyRequestId_seq"', 10, true);


--
-- TOC entry 5059 (class 0 OID 0)
-- Dependencies: 256
-- Name: InterviewScheduling_InterviewSchedulingId_seq; Type: SEQUENCE SET; Schema: public; Owner: postgres
--

SELECT pg_catalog.setval('public."InterviewScheduling_InterviewSchedulingId_seq"', 11, true);


--
-- TOC entry 5060 (class 0 OID 0)
-- Dependencies: 251
-- Name: JobPostRequests_JobPostRequestId_seq; Type: SEQUENCE SET; Schema: public; Owner: postgres
--

SELECT pg_catalog.setval('public."JobPostRequests_JobPostRequestId_seq"', 16, true);


--
-- TOC entry 5061 (class 0 OID 0)
-- Dependencies: 239
-- Name: JobPostTemplateRequests_JobTemplateRequestId_seq; Type: SEQUENCE SET; Schema: public; Owner: postgres
--

SELECT pg_catalog.setval('public."JobPostTemplateRequests_JobTemplateRequestId_seq"', 1, false);


--
-- TOC entry 5062 (class 0 OID 0)
-- Dependencies: 228
-- Name: JobPostTemplates_JobPostTemplateId_seq; Type: SEQUENCE SET; Schema: public; Owner: postgres
--

SELECT pg_catalog.setval('public."JobPostTemplates_JobPostTemplateId_seq"', 1, false);


--
-- TOC entry 5063 (class 0 OID 0)
-- Dependencies: 226
-- Name: JobPosts_JobPostId_seq; Type: SEQUENCE SET; Schema: public; Owner: postgres
--

SELECT pg_catalog.setval('public."JobPosts_JobPostId_seq"', 15, true);


--
-- TOC entry 5064 (class 0 OID 0)
-- Dependencies: 245
-- Name: NextStepsRules_RuleId_seq; Type: SEQUENCE SET; Schema: public; Owner: postgres
--

SELECT pg_catalog.setval('public."NextStepsRules_RuleId_seq"', 1, false);


--
-- TOC entry 5065 (class 0 OID 0)
-- Dependencies: 247
-- Name: Processes_ProcessId_seq; Type: SEQUENCE SET; Schema: public; Owner: postgres
--

SELECT pg_catalog.setval('public."Processes_ProcessId_seq"', 30, true);


--
-- TOC entry 5066 (class 0 OID 0)
-- Dependencies: 230
-- Name: RecruiterRegistrationRequests_RecruiterRegistrationRequestI_seq; Type: SEQUENCE SET; Schema: public; Owner: postgres
--

SELECT pg_catalog.setval('public."RecruiterRegistrationRequests_RecruiterRegistrationRequestI_seq"', 11, true);


--
-- TOC entry 5067 (class 0 OID 0)
-- Dependencies: 241
-- Name: RoleChangeRequests_RoleChangeRequestId_seq; Type: SEQUENCE SET; Schema: public; Owner: postgres
--

SELECT pg_catalog.setval('public."RoleChangeRequests_RoleChangeRequestId_seq"', 1, true);


--
-- TOC entry 5068 (class 0 OID 0)
-- Dependencies: 243
-- Name: SupportingDocuments_SupportingDocumentId_seq; Type: SEQUENCE SET; Schema: public; Owner: postgres
--

SELECT pg_catalog.setval('public."SupportingDocuments_SupportingDocumentId_seq"', 20, true);


--
-- TOC entry 5069 (class 0 OID 0)
-- Dependencies: 253
-- Name: WorkflowActions_ActionId_seq; Type: SEQUENCE SET; Schema: public; Owner: postgres
--

SELECT pg_catalog.setval('public."WorkflowActions_ActionId_seq"', 92, true);


--
-- TOC entry 5070 (class 0 OID 0)
-- Dependencies: 232
-- Name: WorkflowSequences_StepId_seq; Type: SEQUENCE SET; Schema: public; Owner: postgres
--

SELECT pg_catalog.setval('public."WorkflowSequences_StepId_seq"', 1, false);


--
-- TOC entry 5071 (class 0 OID 0)
-- Dependencies: 221
-- Name: Workflows_WorkflowId_seq; Type: SEQUENCE SET; Schema: public; Owner: postgres
--

SELECT pg_catalog.setval('public."Workflows_WorkflowId_seq"', 1, false);


--
-- TOC entry 4825 (class 2606 OID 20621)
-- Name: ApplicationJobSupportingDocuments PK_ApplicationJobSupportingDocuments; Type: CONSTRAINT; Schema: public; Owner: postgres
--

ALTER TABLE ONLY public."ApplicationJobSupportingDocuments"
    ADD CONSTRAINT "PK_ApplicationJobSupportingDocuments" PRIMARY KEY ("ApplicationJobNavigationApplicationJobId", "SupportingDocumentsIdNavigationSupportingDocumentId");


--
-- TOC entry 4813 (class 2606 OID 20560)
-- Name: ApplicationJobs PK_ApplicationJobs; Type: CONSTRAINT; Schema: public; Owner: postgres
--

ALTER TABLE ONLY public."ApplicationJobs"
    ADD CONSTRAINT "PK_ApplicationJobs" PRIMARY KEY ("ApplicationJobId");


--
-- TOC entry 4760 (class 2606 OID 20339)
-- Name: AspNetRoleClaims PK_AspNetRoleClaims; Type: CONSTRAINT; Schema: public; Owner: postgres
--

ALTER TABLE ONLY public."AspNetRoleClaims"
    ADD CONSTRAINT "PK_AspNetRoleClaims" PRIMARY KEY ("Id");


--
-- TOC entry 4750 (class 2606 OID 20307)
-- Name: AspNetRoles PK_AspNetRoles; Type: CONSTRAINT; Schema: public; Owner: postgres
--

ALTER TABLE ONLY public."AspNetRoles"
    ADD CONSTRAINT "PK_AspNetRoles" PRIMARY KEY ("Id");


--
-- TOC entry 4781 (class 2606 OID 20421)
-- Name: AspNetUserClaims PK_AspNetUserClaims; Type: CONSTRAINT; Schema: public; Owner: postgres
--

ALTER TABLE ONLY public."AspNetUserClaims"
    ADD CONSTRAINT "PK_AspNetUserClaims" PRIMARY KEY ("Id");


--
-- TOC entry 4784 (class 2606 OID 20433)
-- Name: AspNetUserLogins PK_AspNetUserLogins; Type: CONSTRAINT; Schema: public; Owner: postgres
--

ALTER TABLE ONLY public."AspNetUserLogins"
    ADD CONSTRAINT "PK_AspNetUserLogins" PRIMARY KEY ("LoginProvider", "ProviderKey");


--
-- TOC entry 4787 (class 2606 OID 20445)
-- Name: AspNetUserRoles PK_AspNetUserRoles; Type: CONSTRAINT; Schema: public; Owner: postgres
--

ALTER TABLE ONLY public."AspNetUserRoles"
    ADD CONSTRAINT "PK_AspNetUserRoles" PRIMARY KEY ("UserId", "RoleId");


--
-- TOC entry 4789 (class 2606 OID 20462)
-- Name: AspNetUserTokens PK_AspNetUserTokens; Type: CONSTRAINT; Schema: public; Owner: postgres
--

ALTER TABLE ONLY public."AspNetUserTokens"
    ADD CONSTRAINT "PK_AspNetUserTokens" PRIMARY KEY ("UserId", "LoginProvider", "Name");


--
-- TOC entry 4764 (class 2606 OID 20351)
-- Name: AspNetUsers PK_AspNetUsers; Type: CONSTRAINT; Schema: public; Owner: postgres
--

ALTER TABLE ONLY public."AspNetUsers"
    ADD CONSTRAINT "PK_AspNetUsers" PRIMARY KEY ("Id");


--
-- TOC entry 4753 (class 2606 OID 20315)
-- Name: Companies PK_Companies; Type: CONSTRAINT; Schema: public; Owner: postgres
--

ALTER TABLE ONLY public."Companies"
    ADD CONSTRAINT "PK_Companies" PRIMARY KEY ("CompanyId");


--
-- TOC entry 4755 (class 2606 OID 20323)
-- Name: CompanyRequests PK_CompanyRequests; Type: CONSTRAINT; Schema: public; Owner: postgres
--

ALTER TABLE ONLY public."CompanyRequests"
    ADD CONSTRAINT "PK_CompanyRequests" PRIMARY KEY ("CompanyRequestId");


--
-- TOC entry 4829 (class 2606 OID 20639)
-- Name: InterviewScheduling PK_InterviewScheduling; Type: CONSTRAINT; Schema: public; Owner: postgres
--

ALTER TABLE ONLY public."InterviewScheduling"
    ADD CONSTRAINT "PK_InterviewScheduling" PRIMARY KEY ("InterviewSchedulingId");


--
-- TOC entry 4817 (class 2606 OID 20583)
-- Name: JobPostRequests PK_JobPostRequests; Type: CONSTRAINT; Schema: public; Owner: postgres
--

ALTER TABLE ONLY public."JobPostRequests"
    ADD CONSTRAINT "PK_JobPostRequests" PRIMARY KEY ("JobPostRequestId");


--
-- TOC entry 4793 (class 2606 OID 20475)
-- Name: JobPostTemplateRequests PK_JobPostTemplateRequests; Type: CONSTRAINT; Schema: public; Owner: postgres
--

ALTER TABLE ONLY public."JobPostTemplateRequests"
    ADD CONSTRAINT "PK_JobPostTemplateRequests" PRIMARY KEY ("JobTemplateRequestId");


--
-- TOC entry 4771 (class 2606 OID 20377)
-- Name: JobPostTemplates PK_JobPostTemplates; Type: CONSTRAINT; Schema: public; Owner: postgres
--

ALTER TABLE ONLY public."JobPostTemplates"
    ADD CONSTRAINT "PK_JobPostTemplates" PRIMARY KEY ("JobPostTemplateId");


--
-- TOC entry 4768 (class 2606 OID 20364)
-- Name: JobPosts PK_JobPosts; Type: CONSTRAINT; Schema: public; Owner: postgres
--

ALTER TABLE ONLY public."JobPosts"
    ADD CONSTRAINT "PK_JobPosts" PRIMARY KEY ("JobPostId");


--
-- TOC entry 4803 (class 2606 OID 20519)
-- Name: NextStepsRules PK_NextStepsRules; Type: CONSTRAINT; Schema: public; Owner: postgres
--

ALTER TABLE ONLY public."NextStepsRules"
    ADD CONSTRAINT "PK_NextStepsRules" PRIMARY KEY ("RuleId");


--
-- TOC entry 4808 (class 2606 OID 20537)
-- Name: Processes PK_Processes; Type: CONSTRAINT; Schema: public; Owner: postgres
--

ALTER TABLE ONLY public."Processes"
    ADD CONSTRAINT "PK_Processes" PRIMARY KEY ("ProcessId");


--
-- TOC entry 4774 (class 2606 OID 20390)
-- Name: RecruiterRegistrationRequests PK_RecruiterRegistrationRequests; Type: CONSTRAINT; Schema: public; Owner: postgres
--

ALTER TABLE ONLY public."RecruiterRegistrationRequests"
    ADD CONSTRAINT "PK_RecruiterRegistrationRequests" PRIMARY KEY ("RecruiterRegistrationRequestId");


--
-- TOC entry 4796 (class 2606 OID 20493)
-- Name: RoleChangeRequests PK_RoleChangeRequests; Type: CONSTRAINT; Schema: public; Owner: postgres
--

ALTER TABLE ONLY public."RoleChangeRequests"
    ADD CONSTRAINT "PK_RoleChangeRequests" PRIMARY KEY ("RoleChangeRequestId");


--
-- TOC entry 4799 (class 2606 OID 20506)
-- Name: SupportingDocuments PK_SupportingDocuments; Type: CONSTRAINT; Schema: public; Owner: postgres
--

ALTER TABLE ONLY public."SupportingDocuments"
    ADD CONSTRAINT "PK_SupportingDocuments" PRIMARY KEY ("SupportingDocumentId");


--
-- TOC entry 4822 (class 2606 OID 20601)
-- Name: WorkflowActions PK_WorkflowActions; Type: CONSTRAINT; Schema: public; Owner: postgres
--

ALTER TABLE ONLY public."WorkflowActions"
    ADD CONSTRAINT "PK_WorkflowActions" PRIMARY KEY ("ActionId");


--
-- TOC entry 4778 (class 2606 OID 20403)
-- Name: WorkflowSequences PK_WorkflowSequences; Type: CONSTRAINT; Schema: public; Owner: postgres
--

ALTER TABLE ONLY public."WorkflowSequences"
    ADD CONSTRAINT "PK_WorkflowSequences" PRIMARY KEY ("StepId");


--
-- TOC entry 4757 (class 2606 OID 20331)
-- Name: Workflows PK_Workflows; Type: CONSTRAINT; Schema: public; Owner: postgres
--

ALTER TABLE ONLY public."Workflows"
    ADD CONSTRAINT "PK_Workflows" PRIMARY KEY ("WorkflowId");


--
-- TOC entry 4748 (class 2606 OID 20300)
-- Name: __EFMigrationsHistory PK___EFMigrationsHistory; Type: CONSTRAINT; Schema: public; Owner: postgres
--

ALTER TABLE ONLY public."__EFMigrationsHistory"
    ADD CONSTRAINT "PK___EFMigrationsHistory" PRIMARY KEY ("MigrationId");


--
-- TOC entry 4761 (class 1259 OID 20659)
-- Name: EmailIndex; Type: INDEX; Schema: public; Owner: postgres
--

CREATE INDEX "EmailIndex" ON public."AspNetUsers" USING btree ("NormalizedEmail");


--
-- TOC entry 4823 (class 1259 OID 20653)
-- Name: IX_ApplicationJobSupportingDocuments_SupportingDocumentsIdNavi~; Type: INDEX; Schema: public; Owner: postgres
--

CREATE INDEX "IX_ApplicationJobSupportingDocuments_SupportingDocumentsIdNavi~" ON public."ApplicationJobSupportingDocuments" USING btree ("SupportingDocumentsIdNavigationSupportingDocumentId");


--
-- TOC entry 4809 (class 1259 OID 20650)
-- Name: IX_ApplicationJobs_JobPostId; Type: INDEX; Schema: public; Owner: postgres
--

CREATE INDEX "IX_ApplicationJobs_JobPostId" ON public."ApplicationJobs" USING btree ("JobPostId");


--
-- TOC entry 4810 (class 1259 OID 20651)
-- Name: IX_ApplicationJobs_ProcessId; Type: INDEX; Schema: public; Owner: postgres
--

CREATE INDEX "IX_ApplicationJobs_ProcessId" ON public."ApplicationJobs" USING btree ("ProcessId");


--
-- TOC entry 4811 (class 1259 OID 20652)
-- Name: IX_ApplicationJobs_UserId; Type: INDEX; Schema: public; Owner: postgres
--

CREATE INDEX "IX_ApplicationJobs_UserId" ON public."ApplicationJobs" USING btree ("UserId");


--
-- TOC entry 4758 (class 1259 OID 20654)
-- Name: IX_AspNetRoleClaims_RoleId; Type: INDEX; Schema: public; Owner: postgres
--

CREATE INDEX "IX_AspNetRoleClaims_RoleId" ON public."AspNetRoleClaims" USING btree ("RoleId");


--
-- TOC entry 4779 (class 1259 OID 20656)
-- Name: IX_AspNetUserClaims_UserId; Type: INDEX; Schema: public; Owner: postgres
--

CREATE INDEX "IX_AspNetUserClaims_UserId" ON public."AspNetUserClaims" USING btree ("UserId");


--
-- TOC entry 4782 (class 1259 OID 20657)
-- Name: IX_AspNetUserLogins_UserId; Type: INDEX; Schema: public; Owner: postgres
--

CREATE INDEX "IX_AspNetUserLogins_UserId" ON public."AspNetUserLogins" USING btree ("UserId");


--
-- TOC entry 4785 (class 1259 OID 20658)
-- Name: IX_AspNetUserRoles_RoleId; Type: INDEX; Schema: public; Owner: postgres
--

CREATE INDEX "IX_AspNetUserRoles_RoleId" ON public."AspNetUserRoles" USING btree ("RoleId");


--
-- TOC entry 4762 (class 1259 OID 20660)
-- Name: IX_AspNetUsers_CompanyId; Type: INDEX; Schema: public; Owner: postgres
--

CREATE INDEX "IX_AspNetUsers_CompanyId" ON public."AspNetUsers" USING btree ("CompanyId");


--
-- TOC entry 4826 (class 1259 OID 20662)
-- Name: IX_InterviewScheduling_ApplicationId; Type: INDEX; Schema: public; Owner: postgres
--

CREATE UNIQUE INDEX "IX_InterviewScheduling_ApplicationId" ON public."InterviewScheduling" USING btree ("ApplicationId");


--
-- TOC entry 4827 (class 1259 OID 20663)
-- Name: IX_InterviewScheduling_ProcessId; Type: INDEX; Schema: public; Owner: postgres
--

CREATE UNIQUE INDEX "IX_InterviewScheduling_ProcessId" ON public."InterviewScheduling" USING btree ("ProcessId");


--
-- TOC entry 4814 (class 1259 OID 20664)
-- Name: IX_JobPostRequests_CompanyId; Type: INDEX; Schema: public; Owner: postgres
--

CREATE INDEX "IX_JobPostRequests_CompanyId" ON public."JobPostRequests" USING btree ("CompanyId");


--
-- TOC entry 4815 (class 1259 OID 20665)
-- Name: IX_JobPostRequests_ProcessId; Type: INDEX; Schema: public; Owner: postgres
--

CREATE UNIQUE INDEX "IX_JobPostRequests_ProcessId" ON public."JobPostRequests" USING btree ("ProcessId");


--
-- TOC entry 4790 (class 1259 OID 20667)
-- Name: IX_JobPostTemplateRequests_CompanyId; Type: INDEX; Schema: public; Owner: postgres
--

CREATE INDEX "IX_JobPostTemplateRequests_CompanyId" ON public."JobPostTemplateRequests" USING btree ("CompanyId");


--
-- TOC entry 4791 (class 1259 OID 20668)
-- Name: IX_JobPostTemplateRequests_RequesterId; Type: INDEX; Schema: public; Owner: postgres
--

CREATE INDEX "IX_JobPostTemplateRequests_RequesterId" ON public."JobPostTemplateRequests" USING btree ("RequesterId");


--
-- TOC entry 4769 (class 1259 OID 20669)
-- Name: IX_JobPostTemplates_CompanyId; Type: INDEX; Schema: public; Owner: postgres
--

CREATE INDEX "IX_JobPostTemplates_CompanyId" ON public."JobPostTemplates" USING btree ("CompanyId");


--
-- TOC entry 4766 (class 1259 OID 20666)
-- Name: IX_JobPosts_CompanyId; Type: INDEX; Schema: public; Owner: postgres
--

CREATE INDEX "IX_JobPosts_CompanyId" ON public."JobPosts" USING btree ("CompanyId");


--
-- TOC entry 4800 (class 1259 OID 20670)
-- Name: IX_NextStepsRules_CurrentStepId; Type: INDEX; Schema: public; Owner: postgres
--

CREATE INDEX "IX_NextStepsRules_CurrentStepId" ON public."NextStepsRules" USING btree ("CurrentStepId");


--
-- TOC entry 4801 (class 1259 OID 20671)
-- Name: IX_NextStepsRules_NextStepId; Type: INDEX; Schema: public; Owner: postgres
--

CREATE INDEX "IX_NextStepsRules_NextStepId" ON public."NextStepsRules" USING btree ("NextStepId");


--
-- TOC entry 4804 (class 1259 OID 20672)
-- Name: IX_Processes_CurrentStepId; Type: INDEX; Schema: public; Owner: postgres
--

CREATE INDEX "IX_Processes_CurrentStepId" ON public."Processes" USING btree ("CurrentStepId");


--
-- TOC entry 4805 (class 1259 OID 20673)
-- Name: IX_Processes_RequesterId; Type: INDEX; Schema: public; Owner: postgres
--

CREATE INDEX "IX_Processes_RequesterId" ON public."Processes" USING btree ("RequesterId");


--
-- TOC entry 4806 (class 1259 OID 20674)
-- Name: IX_Processes_WorkflowId; Type: INDEX; Schema: public; Owner: postgres
--

CREATE INDEX "IX_Processes_WorkflowId" ON public."Processes" USING btree ("WorkflowId");


--
-- TOC entry 4772 (class 1259 OID 20675)
-- Name: IX_RecruiterRegistrationRequests_CompanyId; Type: INDEX; Schema: public; Owner: postgres
--

CREATE INDEX "IX_RecruiterRegistrationRequests_CompanyId" ON public."RecruiterRegistrationRequests" USING btree ("CompanyId");


--
-- TOC entry 4794 (class 1259 OID 20676)
-- Name: IX_RoleChangeRequests_UserId; Type: INDEX; Schema: public; Owner: postgres
--

CREATE INDEX "IX_RoleChangeRequests_UserId" ON public."RoleChangeRequests" USING btree ("UserId");


--
-- TOC entry 4797 (class 1259 OID 20677)
-- Name: IX_SupportingDocuments_UserId; Type: INDEX; Schema: public; Owner: postgres
--

CREATE INDEX "IX_SupportingDocuments_UserId" ON public."SupportingDocuments" USING btree ("UserId");


--
-- TOC entry 4818 (class 1259 OID 20678)
-- Name: IX_WorkflowActions_ActorId; Type: INDEX; Schema: public; Owner: postgres
--

CREATE INDEX "IX_WorkflowActions_ActorId" ON public."WorkflowActions" USING btree ("ActorId");


--
-- TOC entry 4819 (class 1259 OID 20679)
-- Name: IX_WorkflowActions_ProcessId; Type: INDEX; Schema: public; Owner: postgres
--

CREATE INDEX "IX_WorkflowActions_ProcessId" ON public."WorkflowActions" USING btree ("ProcessId");


--
-- TOC entry 4820 (class 1259 OID 20680)
-- Name: IX_WorkflowActions_StepId; Type: INDEX; Schema: public; Owner: postgres
--

CREATE INDEX "IX_WorkflowActions_StepId" ON public."WorkflowActions" USING btree ("StepId");


--
-- TOC entry 4775 (class 1259 OID 20681)
-- Name: IX_WorkflowSequences_RequiredRole; Type: INDEX; Schema: public; Owner: postgres
--

CREATE INDEX "IX_WorkflowSequences_RequiredRole" ON public."WorkflowSequences" USING btree ("RequiredRole");


--
-- TOC entry 4776 (class 1259 OID 20682)
-- Name: IX_WorkflowSequences_WorkflowId; Type: INDEX; Schema: public; Owner: postgres
--

CREATE INDEX "IX_WorkflowSequences_WorkflowId" ON public."WorkflowSequences" USING btree ("WorkflowId");


--
-- TOC entry 4751 (class 1259 OID 20655)
-- Name: RoleNameIndex; Type: INDEX; Schema: public; Owner: postgres
--

CREATE UNIQUE INDEX "RoleNameIndex" ON public."AspNetRoles" USING btree ("NormalizedName");


--
-- TOC entry 4765 (class 1259 OID 20661)
-- Name: UserNameIndex; Type: INDEX; Schema: public; Owner: postgres
--

CREATE UNIQUE INDEX "UserNameIndex" ON public."AspNetUsers" USING btree ("NormalizedUserName");


--
-- TOC entry 4859 (class 2606 OID 20622)
-- Name: ApplicationJobSupportingDocuments FK_ApplicationJobSupportingDocuments_ApplicationJobs_Applicati~; Type: FK CONSTRAINT; Schema: public; Owner: postgres
--

ALTER TABLE ONLY public."ApplicationJobSupportingDocuments"
    ADD CONSTRAINT "FK_ApplicationJobSupportingDocuments_ApplicationJobs_Applicati~" FOREIGN KEY ("ApplicationJobNavigationApplicationJobId") REFERENCES public."ApplicationJobs"("ApplicationJobId") ON DELETE CASCADE;


--
-- TOC entry 4860 (class 2606 OID 20627)
-- Name: ApplicationJobSupportingDocuments FK_ApplicationJobSupportingDocuments_SupportingDocuments_Suppo~; Type: FK CONSTRAINT; Schema: public; Owner: postgres
--

ALTER TABLE ONLY public."ApplicationJobSupportingDocuments"
    ADD CONSTRAINT "FK_ApplicationJobSupportingDocuments_SupportingDocuments_Suppo~" FOREIGN KEY ("SupportingDocumentsIdNavigationSupportingDocumentId") REFERENCES public."SupportingDocuments"("SupportingDocumentId") ON DELETE CASCADE;


--
-- TOC entry 4851 (class 2606 OID 20561)
-- Name: ApplicationJobs FK_ApplicationJobs_AspNetUsers_UserId; Type: FK CONSTRAINT; Schema: public; Owner: postgres
--

ALTER TABLE ONLY public."ApplicationJobs"
    ADD CONSTRAINT "FK_ApplicationJobs_AspNetUsers_UserId" FOREIGN KEY ("UserId") REFERENCES public."AspNetUsers"("Id") ON DELETE RESTRICT;


--
-- TOC entry 4852 (class 2606 OID 20566)
-- Name: ApplicationJobs FK_ApplicationJobs_JobPosts_JobPostId; Type: FK CONSTRAINT; Schema: public; Owner: postgres
--

ALTER TABLE ONLY public."ApplicationJobs"
    ADD CONSTRAINT "FK_ApplicationJobs_JobPosts_JobPostId" FOREIGN KEY ("JobPostId") REFERENCES public."JobPosts"("JobPostId") ON DELETE CASCADE;


--
-- TOC entry 4853 (class 2606 OID 20571)
-- Name: ApplicationJobs FK_ApplicationJobs_Processes_ProcessId; Type: FK CONSTRAINT; Schema: public; Owner: postgres
--

ALTER TABLE ONLY public."ApplicationJobs"
    ADD CONSTRAINT "FK_ApplicationJobs_Processes_ProcessId" FOREIGN KEY ("ProcessId") REFERENCES public."Processes"("ProcessId") ON DELETE CASCADE;


--
-- TOC entry 4830 (class 2606 OID 20340)
-- Name: AspNetRoleClaims FK_AspNetRoleClaims_AspNetRoles_RoleId; Type: FK CONSTRAINT; Schema: public; Owner: postgres
--

ALTER TABLE ONLY public."AspNetRoleClaims"
    ADD CONSTRAINT "FK_AspNetRoleClaims_AspNetRoles_RoleId" FOREIGN KEY ("RoleId") REFERENCES public."AspNetRoles"("Id") ON DELETE CASCADE;


--
-- TOC entry 4837 (class 2606 OID 20422)
-- Name: AspNetUserClaims FK_AspNetUserClaims_AspNetUsers_UserId; Type: FK CONSTRAINT; Schema: public; Owner: postgres
--

ALTER TABLE ONLY public."AspNetUserClaims"
    ADD CONSTRAINT "FK_AspNetUserClaims_AspNetUsers_UserId" FOREIGN KEY ("UserId") REFERENCES public."AspNetUsers"("Id") ON DELETE CASCADE;


--
-- TOC entry 4838 (class 2606 OID 20434)
-- Name: AspNetUserLogins FK_AspNetUserLogins_AspNetUsers_UserId; Type: FK CONSTRAINT; Schema: public; Owner: postgres
--

ALTER TABLE ONLY public."AspNetUserLogins"
    ADD CONSTRAINT "FK_AspNetUserLogins_AspNetUsers_UserId" FOREIGN KEY ("UserId") REFERENCES public."AspNetUsers"("Id") ON DELETE CASCADE;


--
-- TOC entry 4839 (class 2606 OID 20446)
-- Name: AspNetUserRoles FK_AspNetUserRoles_AspNetRoles_RoleId; Type: FK CONSTRAINT; Schema: public; Owner: postgres
--

ALTER TABLE ONLY public."AspNetUserRoles"
    ADD CONSTRAINT "FK_AspNetUserRoles_AspNetRoles_RoleId" FOREIGN KEY ("RoleId") REFERENCES public."AspNetRoles"("Id") ON DELETE CASCADE;


--
-- TOC entry 4840 (class 2606 OID 20451)
-- Name: AspNetUserRoles FK_AspNetUserRoles_AspNetUsers_UserId; Type: FK CONSTRAINT; Schema: public; Owner: postgres
--

ALTER TABLE ONLY public."AspNetUserRoles"
    ADD CONSTRAINT "FK_AspNetUserRoles_AspNetUsers_UserId" FOREIGN KEY ("UserId") REFERENCES public."AspNetUsers"("Id") ON DELETE CASCADE;


--
-- TOC entry 4841 (class 2606 OID 20463)
-- Name: AspNetUserTokens FK_AspNetUserTokens_AspNetUsers_UserId; Type: FK CONSTRAINT; Schema: public; Owner: postgres
--

ALTER TABLE ONLY public."AspNetUserTokens"
    ADD CONSTRAINT "FK_AspNetUserTokens_AspNetUsers_UserId" FOREIGN KEY ("UserId") REFERENCES public."AspNetUsers"("Id") ON DELETE CASCADE;


--
-- TOC entry 4831 (class 2606 OID 20352)
-- Name: AspNetUsers FK_AspNetUsers_Companies_CompanyId; Type: FK CONSTRAINT; Schema: public; Owner: postgres
--

ALTER TABLE ONLY public."AspNetUsers"
    ADD CONSTRAINT "FK_AspNetUsers_Companies_CompanyId" FOREIGN KEY ("CompanyId") REFERENCES public."Companies"("CompanyId");


--
-- TOC entry 4861 (class 2606 OID 20640)
-- Name: InterviewScheduling FK_InterviewScheduling_ApplicationJobs_ApplicationId; Type: FK CONSTRAINT; Schema: public; Owner: postgres
--

ALTER TABLE ONLY public."InterviewScheduling"
    ADD CONSTRAINT "FK_InterviewScheduling_ApplicationJobs_ApplicationId" FOREIGN KEY ("ApplicationId") REFERENCES public."ApplicationJobs"("ApplicationJobId") ON DELETE RESTRICT;


--
-- TOC entry 4862 (class 2606 OID 20645)
-- Name: InterviewScheduling FK_InterviewScheduling_Processes_ProcessId; Type: FK CONSTRAINT; Schema: public; Owner: postgres
--

ALTER TABLE ONLY public."InterviewScheduling"
    ADD CONSTRAINT "FK_InterviewScheduling_Processes_ProcessId" FOREIGN KEY ("ProcessId") REFERENCES public."Processes"("ProcessId") ON DELETE CASCADE;


--
-- TOC entry 4854 (class 2606 OID 20584)
-- Name: JobPostRequests FK_JobPostRequests_Companies_CompanyId; Type: FK CONSTRAINT; Schema: public; Owner: postgres
--

ALTER TABLE ONLY public."JobPostRequests"
    ADD CONSTRAINT "FK_JobPostRequests_Companies_CompanyId" FOREIGN KEY ("CompanyId") REFERENCES public."Companies"("CompanyId") ON DELETE CASCADE;


--
-- TOC entry 4855 (class 2606 OID 20589)
-- Name: JobPostRequests FK_JobPostRequests_Processes_ProcessId; Type: FK CONSTRAINT; Schema: public; Owner: postgres
--

ALTER TABLE ONLY public."JobPostRequests"
    ADD CONSTRAINT "FK_JobPostRequests_Processes_ProcessId" FOREIGN KEY ("ProcessId") REFERENCES public."Processes"("ProcessId") ON DELETE CASCADE;


--
-- TOC entry 4842 (class 2606 OID 20476)
-- Name: JobPostTemplateRequests FK_JobPostTemplateRequests_AspNetUsers_RequesterId; Type: FK CONSTRAINT; Schema: public; Owner: postgres
--

ALTER TABLE ONLY public."JobPostTemplateRequests"
    ADD CONSTRAINT "FK_JobPostTemplateRequests_AspNetUsers_RequesterId" FOREIGN KEY ("RequesterId") REFERENCES public."AspNetUsers"("Id") ON DELETE CASCADE;


--
-- TOC entry 4843 (class 2606 OID 20481)
-- Name: JobPostTemplateRequests FK_JobPostTemplateRequests_Companies_CompanyId; Type: FK CONSTRAINT; Schema: public; Owner: postgres
--

ALTER TABLE ONLY public."JobPostTemplateRequests"
    ADD CONSTRAINT "FK_JobPostTemplateRequests_Companies_CompanyId" FOREIGN KEY ("CompanyId") REFERENCES public."Companies"("CompanyId") ON DELETE CASCADE;


--
-- TOC entry 4833 (class 2606 OID 20378)
-- Name: JobPostTemplates FK_JobPostTemplates_Companies_CompanyId; Type: FK CONSTRAINT; Schema: public; Owner: postgres
--

ALTER TABLE ONLY public."JobPostTemplates"
    ADD CONSTRAINT "FK_JobPostTemplates_Companies_CompanyId" FOREIGN KEY ("CompanyId") REFERENCES public."Companies"("CompanyId") ON DELETE CASCADE;


--
-- TOC entry 4832 (class 2606 OID 20365)
-- Name: JobPosts FK_JobPosts_Companies_CompanyId; Type: FK CONSTRAINT; Schema: public; Owner: postgres
--

ALTER TABLE ONLY public."JobPosts"
    ADD CONSTRAINT "FK_JobPosts_Companies_CompanyId" FOREIGN KEY ("CompanyId") REFERENCES public."Companies"("CompanyId") ON DELETE CASCADE;


--
-- TOC entry 4848 (class 2606 OID 20538)
-- Name: Processes FK_Process_Requester; Type: FK CONSTRAINT; Schema: public; Owner: postgres
--

ALTER TABLE ONLY public."Processes"
    ADD CONSTRAINT "FK_Process_Requester" FOREIGN KEY ("RequesterId") REFERENCES public."AspNetUsers"("Id") ON DELETE CASCADE;


--
-- TOC entry 4849 (class 2606 OID 20543)
-- Name: Processes FK_Process_Workflow; Type: FK CONSTRAINT; Schema: public; Owner: postgres
--

ALTER TABLE ONLY public."Processes"
    ADD CONSTRAINT "FK_Process_Workflow" FOREIGN KEY ("WorkflowId") REFERENCES public."Workflows"("WorkflowId") ON DELETE CASCADE;


--
-- TOC entry 4850 (class 2606 OID 20548)
-- Name: Processes FK_Processes_WorkflowSequences_CurrentStepId; Type: FK CONSTRAINT; Schema: public; Owner: postgres
--

ALTER TABLE ONLY public."Processes"
    ADD CONSTRAINT "FK_Processes_WorkflowSequences_CurrentStepId" FOREIGN KEY ("CurrentStepId") REFERENCES public."WorkflowSequences"("StepId") ON DELETE CASCADE;


--
-- TOC entry 4834 (class 2606 OID 20391)
-- Name: RecruiterRegistrationRequests FK_Recruiter_Registration_Request_Company; Type: FK CONSTRAINT; Schema: public; Owner: postgres
--

ALTER TABLE ONLY public."RecruiterRegistrationRequests"
    ADD CONSTRAINT "FK_Recruiter_Registration_Request_Company" FOREIGN KEY ("CompanyId") REFERENCES public."Companies"("CompanyId") ON DELETE CASCADE;


--
-- TOC entry 4844 (class 2606 OID 20494)
-- Name: RoleChangeRequests FK_RoleChangeRequests_AspNetUsers_UserId; Type: FK CONSTRAINT; Schema: public; Owner: postgres
--

ALTER TABLE ONLY public."RoleChangeRequests"
    ADD CONSTRAINT "FK_RoleChangeRequests_AspNetUsers_UserId" FOREIGN KEY ("UserId") REFERENCES public."AspNetUsers"("Id") ON DELETE CASCADE;


--
-- TOC entry 4845 (class 2606 OID 20507)
-- Name: SupportingDocuments FK_SupportingDocuments_AspNetUsers_UserId; Type: FK CONSTRAINT; Schema: public; Owner: postgres
--

ALTER TABLE ONLY public."SupportingDocuments"
    ADD CONSTRAINT "FK_SupportingDocuments_AspNetUsers_UserId" FOREIGN KEY ("UserId") REFERENCES public."AspNetUsers"("Id") ON DELETE RESTRICT;


--
-- TOC entry 4856 (class 2606 OID 20602)
-- Name: WorkflowActions FK_WorkflowAction_User; Type: FK CONSTRAINT; Schema: public; Owner: postgres
--

ALTER TABLE ONLY public."WorkflowActions"
    ADD CONSTRAINT "FK_WorkflowAction_User" FOREIGN KEY ("ActorId") REFERENCES public."AspNetUsers"("Id") ON DELETE CASCADE;


--
-- TOC entry 4857 (class 2606 OID 20607)
-- Name: WorkflowActions FK_WorkflowActions_WorkflowSequences_StepId; Type: FK CONSTRAINT; Schema: public; Owner: postgres
--

ALTER TABLE ONLY public."WorkflowActions"
    ADD CONSTRAINT "FK_WorkflowActions_WorkflowSequences_StepId" FOREIGN KEY ("StepId") REFERENCES public."WorkflowSequences"("StepId") ON DELETE CASCADE;


--
-- TOC entry 4846 (class 2606 OID 20520)
-- Name: NextStepsRules next_step_rule_id_currentstep_fkey; Type: FK CONSTRAINT; Schema: public; Owner: postgres
--

ALTER TABLE ONLY public."NextStepsRules"
    ADD CONSTRAINT next_step_rule_id_currentstep_fkey FOREIGN KEY ("CurrentStepId") REFERENCES public."WorkflowSequences"("StepId") ON DELETE RESTRICT;


--
-- TOC entry 4847 (class 2606 OID 20525)
-- Name: NextStepsRules next_step_rule_id_nextstep_fkey; Type: FK CONSTRAINT; Schema: public; Owner: postgres
--

ALTER TABLE ONLY public."NextStepsRules"
    ADD CONSTRAINT next_step_rule_id_nextstep_fkey FOREIGN KEY ("NextStepId") REFERENCES public."WorkflowSequences"("StepId") ON DELETE RESTRICT;


--
-- TOC entry 4858 (class 2606 OID 20612)
-- Name: WorkflowActions workflow_action_id_request_fkey; Type: FK CONSTRAINT; Schema: public; Owner: postgres
--

ALTER TABLE ONLY public."WorkflowActions"
    ADD CONSTRAINT workflow_action_id_request_fkey FOREIGN KEY ("ProcessId") REFERENCES public."Processes"("ProcessId") ON DELETE CASCADE;


--
-- TOC entry 4835 (class 2606 OID 20404)
-- Name: WorkflowSequences workflow_sequence_id_Role_fkey; Type: FK CONSTRAINT; Schema: public; Owner: postgres
--

ALTER TABLE ONLY public."WorkflowSequences"
    ADD CONSTRAINT "workflow_sequence_id_Role_fkey" FOREIGN KEY ("RequiredRole") REFERENCES public."AspNetRoles"("Id") ON DELETE CASCADE;


--
-- TOC entry 4836 (class 2606 OID 20409)
-- Name: WorkflowSequences workflow_sequence_id_workflow_fkey; Type: FK CONSTRAINT; Schema: public; Owner: postgres
--

ALTER TABLE ONLY public."WorkflowSequences"
    ADD CONSTRAINT workflow_sequence_id_workflow_fkey FOREIGN KEY ("WorkflowId") REFERENCES public."Workflows"("WorkflowId") ON DELETE CASCADE;


-- Completed on 2025-01-17 10:01:14

--
-- PostgreSQL database dump complete
--

